indicator_id,domain_id,subdomain_id,indicator_kind,indicator_label,research_prompt,knowledge_status,verification_status,ocm_code,version,status
IND-000001,DOM-01,DOM-01-S01,presence_form,"Document the presence, local name and form of pregnancy recognition.","What is it, what is it called locally, and what form does it take?",candidate,field_verification_required,,1,active
IND-000002,DOM-01,DOM-01-S01,process_meaning,"Document actors, timing, place, sequence, objects, words and participant meaning for pregnancy recognition.","Who does what, when, where, how, with which objects/words, and what does it mean to participants?",candidate,field_verification_required,,1,active
IND-000003,DOM-01,DOM-01-S01,variation_change,"Document site, kili, gender, generation and historical variation in pregnancy recognition.","How does it vary across sites or groups, and how has it changed over time?",candidate,field_verification_required,,1,active
IND-000004,DOM-01,DOM-01-S02,presence_form,"Document the presence, local name and form of food and diet.","What is it, what is it called locally, and what form does it take?",candidate,field_verification_required,,1,active
IND-000005,DOM-01,DOM-01-S02,process_meaning,"Document actors, timing, place, sequence, objects, words and participant meaning for food and diet.","Who does what, when, where, how, with which objects/words, and what does it mean to participants?",candidate,field_verification_required,,1,active
IND-000006,DOM-01,DOM-01-S02,variation_change,"Document site, kili, gender, generation and historical variation in food and diet.","How does it vary across sites or groups, and how has it changed over time?",candidate,field_verification_required,,1,active
IND-000007,DOM-01,DOM-01-S03,presence_form,"Document the presence, local name and form of restrictions and taboos.","What is it, what is it called locally, and what form does it take?",candidate,field_verification_required,,1,active
IND-000008,DOM-01,DOM-01-S03,process_meaning,"Document actors, timing, place, sequence, objects, words and participant meaning for restrictions and taboos.","Who does what, when, where, how, with which objects/words, and what does it mean to participants?",candidate,field_verification_required,,1,active
IND-000009,DOM-01,DOM-01-S03,variation_change,"Document site, kili, gender, generation and historical variation in restrictions and taboos.","How does it vary across sites or groups, and how has it changed over time?",candidate,field_verification_required,,1,active
IND-000010,DOM-01,DOM-01-S04,presence_form,"Document the presence, local name and form of protection and belief.","What is it, what is it called locally, and what form does it take?",candidate,field_verification_required,,1,active
IND-000011,DOM-01,DOM-01-S04,process_meaning,"Document actors, timing, place, sequence, objects, words and participant meaning for protection and belief.","Who does what, when, where, how, with which objects/words, and what does it mean to participants?",candidate,field_verification_required,,1,active
IND-000012,DOM-01,DOM-01-S04,variation_change,"Document site, kili, gender, generation and historical variation in protection and belief.","How does it vary across sites or groups, and how has it changed over time?",candidate,field_verification_required,,1,active
IND-000013,DOM-01,DOM-01-S05,presence_form,"Document the presence, local name and form of birth preparation.","What is it, what is it called locally, and what form does it take?",candidate,field_verification_required,,1,active
IND-000014,DOM-01,DOM-01-S05,process_meaning,"Document actors, timing, place, sequence, objects, words and participant meaning for birth preparation.","Who does what, when, where, how, with which objects/words, and what does it mean to participants?",candidate,field_verification_required,,1,active
IND-000015,DOM-01,DOM-01-S05,variation_change,"Document site, kili, gender, generation and historical variation in birth preparation.","How does it vary across sites or groups, and how has it changed over time?",candidate,field_verification_required,,1,active
IND-000016,DOM-02,DOM-02-S01,presence_form,"Document the presence, local name and form of labour and delivery.","What is it, what is it called locally, and what form does it take?",candidate,field_verification_required,,1,active
IND-000017,DOM-02,DOM-02-S01,process_meaning,"Document actors, timing, place, sequence, objects, words and participant meaning for labour and delivery.","Who does what, when, where, how, with which objects/words, and what does it mean to participants?",candidate,field_verification_required,,1,active
IND-000018,DOM-02,DOM-02-S01,variation_change,"Document site, kili, gender, generation and historical variation in labour and delivery.","How does it vary across sites or groups, and how has it changed over time?",candidate,field_verification_required,,1,active
IND-000019,DOM-02,DOM-02-S02,presence_form,"Document the presence, local name and form of birth attendants.","What is it, what is it called locally, and what form does it take?",candidate,field_verification_required,,1,active
IND-000020,DOM-02,DOM-02-S02,process_meaning,"Document actors, timing, place, sequence, objects, words and participant meaning for birth attendants.","Who does what, when, where, how, with which objects/words, and what does it mean to participants?",candidate,field_verification_required,,1,active
IND-000021,DOM-02,DOM-02-S02,variation_change,"Document site, kili, gender, generation and historical variation in birth attendants.","How does it vary across sites or groups, and how has it changed over time?",candidate,field_verification_required,,1,active
IND-000022,DOM-02,DOM-02-S03,presence_form,"Document the presence, local name and form of newborn care.","What is it, what is it called locally, and what form does it take?",candidate,field_verification_required,,1,active
IND-000023,DOM-02,DOM-02-S03,process_meaning,"Document actors, timing, place, sequence, objects, words and participant meaning for newborn care.","Who does what, when, where, how, with which objects/words, and what does it mean to participants?",candidate,field_verification_required,,1,active
IND-000024,DOM-02,DOM-02-S03,variation_change,"Document site, kili, gender, generation and historical variation in newborn care.","How does it vary across sites or groups, and how has it changed over time?",candidate,field_verification_required,,1,active
IND-000025,DOM-02,DOM-02-S04,presence_form,"Document the presence, local name and form of cord and placenta.","What is it, what is it called locally, and what form does it take?",candidate,field_verification_required,,1,active
IND-000026,DOM-02,DOM-02-S04,process_meaning,"Document actors, timing, place, sequence, objects, words and participant meaning for cord and placenta.","Who does what, when, where, how, with which objects/words, and what does it mean to participants?",candidate,field_verification_required,,1,active
IND-000027,DOM-02,DOM-02-S04,variation_change,"Document site, kili, gender, generation and historical variation in cord and placenta.","How does it vary across sites or groups, and how has it changed over time?",candidate,field_verification_required,,1,active
IND-000028,DOM-02,DOM-02-S05,presence_form,"Document the presence, local name and form of maternal care.","What is it, what is it called locally, and what form does it take?",candidate,field_verification_required,,1,active
IND-000029,DOM-02,DOM-02-S05,process_meaning,"Document actors, timing, place, sequence, objects, words and participant meaning for maternal care.","Who does what, when, where, how, with which objects/words, and what does it mean to participants?",candidate,field_verification_required,,1,active
IND-000030,DOM-02,DOM-02-S05,variation_change,"Document site, kili, gender, generation and historical variation in maternal care.","How does it vary across sites or groups, and how has it changed over time?",candidate,field_verification_required,,1,active
IND-000031,DOM-02,DOM-02-S06,presence_form,"Document the presence, local name and form of purification and reintegration.","What is it, what is it called locally, and what form does it take?",candidate,field_verification_required,,1,active
IND-000032,DOM-02,DOM-02-S06,process_meaning,"Document actors, timing, place, sequence, objects, words and participant meaning for purification and reintegration.","Who does what, when, where, how, with which objects/words, and what does it mean to participants?",candidate,field_verification_required,,1,active
IND-000033,DOM-02,DOM-02-S06,variation_change,"Document site, kili, gender, generation and historical variation in purification and reintegration.","How does it vary across sites or groups, and how has it changed over time?",candidate,field_verification_required,,1,active
IND-000034,DOM-02,DOM-02-S07,presence_form,"Document the presence, local name and form of naming.","What is it, what is it called locally, and what form does it take?",candidate,field_verification_required,,1,active
IND-000035,DOM-02,DOM-02-S07,process_meaning,"Document actors, timing, place, sequence, objects, words and participant meaning for naming.","Who does what, when, where, how, with which objects/words, and what does it mean to participants?",candidate,field_verification_required,,1,active
IND-000036,DOM-02,DOM-02-S07,variation_change,"Document site, kili, gender, generation and historical variation in naming.","How does it vary across sites or groups, and how has it changed over time?",candidate,field_verification_required,,1,active
IND-000037,DOM-02,DOM-02-S08,presence_form,"Document the presence, local name and form of special births.","What is it, what is it called locally, and what form does it take?",candidate,field_verification_required,,1,active
IND-000038,DOM-02,DOM-02-S08,process_meaning,"Document actors, timing, place, sequence, objects, words and participant meaning for special births.","Who does what, when, where, how, with which objects/words, and what does it mean to participants?",candidate,field_verification_required,,1,active
IND-000039,DOM-02,DOM-02-S08,variation_change,"Document site, kili, gender, generation and historical variation in special births.","How does it vary across sites or groups, and how has it changed over time?",candidate,field_verification_required,,1,active
IND-000040,DOM-03,DOM-03-S01,presence_form,"Document the presence, local name and form of infant feeding.","What is it, what is it called locally, and what form does it take?",candidate,field_verification_required,,1,active
IND-000041,DOM-03,DOM-03-S01,process_meaning,"Document actors, timing, place, sequence, objects, words and participant meaning for infant feeding.","Who does what, when, where, how, with which objects/words, and what does it mean to participants?",candidate,field_verification_required,,1,active
IND-000042,DOM-03,DOM-03-S01,variation_change,"Document site, kili, gender, generation and historical variation in infant feeding.","How does it vary across sites or groups, and how has it changed over time?",candidate,field_verification_required,,1,active
IND-000043,DOM-03,DOM-03-S02,presence_form,"Document the presence, local name and form of childcare.","What is it, what is it called locally, and what form does it take?",candidate,field_verification_required,,1,active
IND-000044,DOM-03,DOM-03-S02,process_meaning,"Document actors, timing, place, sequence, objects, words and participant meaning for childcare.","Who does what, when, where, how, with which objects/words, and what does it mean to participants?",candidate,field_verification_required,,1,active
IND-000045,DOM-03,DOM-03-S02,variation_change,"Document site, kili, gender, generation and historical variation in childcare.","How does it vary across sites or groups, and how has it changed over time?",candidate,field_verification_required,,1,active
IND-000046,DOM-03,DOM-03-S03,presence_form,"Document the presence, local name and form of socialization.","What is it, what is it called locally, and what form does it take?",candidate,field_verification_required,,1,active
IND-000047,DOM-03,DOM-03-S03,process_meaning,"Document actors, timing, place, sequence, objects, words and participant meaning for socialization.","Who does what, when, where, how, with which objects/words, and what does it mean to participants?",candidate,field_verification_required,,1,active
IND-000048,DOM-03,DOM-03-S03,variation_change,"Document site, kili, gender, generation and historical variation in socialization.","How does it vary across sites or groups, and how has it changed over time?",candidate,field_verification_required,,1,active
IND-000049,DOM-03,DOM-03-S04,presence_form,"Document the presence, local name and form of discipline.","What is it, what is it called locally, and what form does it take?",candidate,field_verification_required,,1,active
IND-000050,DOM-03,DOM-03-S04,process_meaning,"Document actors, timing, place, sequence, objects, words and participant meaning for discipline.","Who does what, when, where, how, with which objects/words, and what does it mean to participants?",candidate,field_verification_required,,1,active
IND-000051,DOM-03,DOM-03-S04,variation_change,"Document site, kili, gender, generation and historical variation in discipline.","How does it vary across sites or groups, and how has it changed over time?",candidate,field_verification_required,,1,active
IND-000052,DOM-03,DOM-03-S05,presence_form,"Document the presence, local name and form of games and play.","What is it, what is it called locally, and what form does it take?",candidate,field_verification_required,,1,active
IND-000053,DOM-03,DOM-03-S05,process_meaning,"Document actors, timing, place, sequence, objects, words and participant meaning for games and play.","Who does what, when, where, how, with which objects/words, and what does it mean to participants?",candidate,field_verification_required,,1,active
IND-000054,DOM-03,DOM-03-S05,variation_change,"Document site, kili, gender, generation and historical variation in games and play.","How does it vary across sites or groups, and how has it changed over time?",candidate,field_verification_required,,1,active
IND-000055,DOM-03,DOM-03-S06,presence_form,"Document the presence, local name and form of language learning.","What is it, what is it called locally, and what form does it take?",candidate,field_verification_required,,1,active
IND-000056,DOM-03,DOM-03-S06,process_meaning,"Document actors, timing, place, sequence, objects, words and participant meaning for language learning.","Who does what, when, where, how, with which objects/words, and what does it mean to participants?",candidate,field_verification_required,,1,active
IND-000057,DOM-03,DOM-03-S06,variation_change,"Document site, kili, gender, generation and historical variation in language learning.","How does it vary across sites or groups, and how has it changed over time?",candidate,field_verification_required,,1,active
IND-000058,DOM-03,DOM-03-S07,presence_form,"Document the presence, local name and form of cultural learning.","What is it, what is it called locally, and what form does it take?",candidate,field_verification_required,,1,active
IND-000059,DOM-03,DOM-03-S07,process_meaning,"Document actors, timing, place, sequence, objects, words and participant meaning for cultural learning.","Who does what, when, where, how, with which objects/words, and what does it mean to participants?",candidate,field_verification_required,,1,active
IND-000060,DOM-03,DOM-03-S07,variation_change,"Document site, kili, gender, generation and historical variation in cultural learning.","How does it vary across sites or groups, and how has it changed over time?",candidate,field_verification_required,,1,active
IND-000061,DOM-03,DOM-03-S08,presence_form,"Document the presence, local name and form of work learning.","What is it, what is it called locally, and what form does it take?",candidate,field_verification_required,,1,active
IND-000062,DOM-03,DOM-03-S08,process_meaning,"Document actors, timing, place, sequence, objects, words and participant meaning for work learning.","Who does what, when, where, how, with which objects/words, and what does it mean to participants?",candidate,field_verification_required,,1,active
IND-000063,DOM-03,DOM-03-S08,variation_change,"Document site, kili, gender, generation and historical variation in work learning.","How does it vary across sites or groups, and how has it changed over time?",candidate,field_verification_required,,1,active
IND-000064,DOM-04,DOM-04-S01,presence_form,"Document the presence, local name and form of coming of age.","What is it, what is it called locally, and what form does it take?",candidate,field_verification_required,,1,active
IND-000065,DOM-04,DOM-04-S01,process_meaning,"Document actors, timing, place, sequence, objects, words and participant meaning for coming of age.","Who does what, when, where, how, with which objects/words, and what does it mean to participants?",candidate,field_verification_required,,1,active
IND-000066,DOM-04,DOM-04-S01,variation_change,"Document site, kili, gender, generation and historical variation in coming of age.","How does it vary across sites or groups, and how has it changed over time?",candidate,field_verification_required,,1,active
IND-000067,DOM-04,DOM-04-S02,presence_form,"Document the presence, local name and form of gender roles.","What is it, what is it called locally, and what form does it take?",candidate,field_verification_required,,1,active
IND-000068,DOM-04,DOM-04-S02,process_meaning,"Document actors, timing, place, sequence, objects, words and participant meaning for gender roles.","Who does what, when, where, how, with which objects/words, and what does it mean to participants?",candidate,field_verification_required,,1,active
IND-000069,DOM-04,DOM-04-S02,variation_change,"Document site, kili, gender, generation and historical variation in gender roles.","How does it vary across sites or groups, and how has it changed over time?",candidate,field_verification_required,,1,active
IND-000070,DOM-04,DOM-04-S03,presence_form,"Document the presence, local name and form of youth socialization.","What is it, what is it called locally, and what form does it take?",candidate,field_verification_required,,1,active
IND-000071,DOM-04,DOM-04-S03,process_meaning,"Document actors, timing, place, sequence, objects, words and participant meaning for youth socialization.","Who does what, when, where, how, with which objects/words, and what does it mean to participants?",candidate,field_verification_required,,1,active
IND-000072,DOM-04,DOM-04-S03,variation_change,"Document site, kili, gender, generation and historical variation in youth socialization.","How does it vary across sites or groups, and how has it changed over time?",candidate,field_verification_required,,1,active
IND-000073,DOM-04,DOM-04-S04,presence_form,"Document the presence, local name and form of courtship.","What is it, what is it called locally, and what form does it take?",candidate,field_verification_required,,1,active
IND-000074,DOM-04,DOM-04-S04,process_meaning,"Document actors, timing, place, sequence, objects, words and participant meaning for courtship.","Who does what, when, where, how, with which objects/words, and what does it mean to participants?",candidate,field_verification_required,,1,active
IND-000075,DOM-04,DOM-04-S04,variation_change,"Document site, kili, gender, generation and historical variation in courtship.","How does it vary across sites or groups, and how has it changed over time?",candidate,field_verification_required,,1,active
IND-000076,DOM-04,DOM-04-S05,presence_form,"Document the presence, local name and form of dance and music.","What is it, what is it called locally, and what form does it take?",candidate,field_verification_required,,1,active
IND-000077,DOM-04,DOM-04-S05,process_meaning,"Document actors, timing, place, sequence, objects, words and participant meaning for dance and music.","Who does what, when, where, how, with which objects/words, and what does it mean to participants?",candidate,field_verification_required,,1,active
IND-000078,DOM-04,DOM-04-S05,variation_change,"Document site, kili, gender, generation and historical variation in dance and music.","How does it vary across sites or groups, and how has it changed over time?",candidate,field_verification_required,,1,active
IND-000079,DOM-04,DOM-04-S06,presence_form,"Document the presence, local name and form of work.","What is it, what is it called locally, and what form does it take?",candidate,field_verification_required,,1,active
IND-000080,DOM-04,DOM-04-S06,process_meaning,"Document actors, timing, place, sequence, objects, words and participant meaning for work.","Who does what, when, where, how, with which objects/words, and what does it mean to participants?",candidate,field_verification_required,,1,active
IND-000081,DOM-04,DOM-04-S06,variation_change,"Document site, kili, gender, generation and historical variation in work.","How does it vary across sites or groups, and how has it changed over time?",candidate,field_verification_required,,1,active
IND-000082,DOM-04,DOM-04-S07,presence_form,"Document the presence, local name and form of education.","What is it, what is it called locally, and what form does it take?",candidate,field_verification_required,,1,active
IND-000083,DOM-04,DOM-04-S07,process_meaning,"Document actors, timing, place, sequence, objects, words and participant meaning for education.","Who does what, when, where, how, with which objects/words, and what does it mean to participants?",candidate,field_verification_required,,1,active
IND-000084,DOM-04,DOM-04-S07,variation_change,"Document site, kili, gender, generation and historical variation in education.","How does it vary across sites or groups, and how has it changed over time?",candidate,field_verification_required,,1,active
IND-000085,DOM-04,DOM-04-S08,presence_form,"Document the presence, local name and form of migration.","What is it, what is it called locally, and what form does it take?",candidate,field_verification_required,,1,active
IND-000086,DOM-04,DOM-04-S08,process_meaning,"Document actors, timing, place, sequence, objects, words and participant meaning for migration.","Who does what, when, where, how, with which objects/words, and what does it mean to participants?",candidate,field_verification_required,,1,active
IND-000087,DOM-04,DOM-04-S08,variation_change,"Document site, kili, gender, generation and historical variation in migration.","How does it vary across sites or groups, and how has it changed over time?",candidate,field_verification_required,,1,active
IND-000088,DOM-05,DOM-05-S01,presence_form,"Document the presence, local name and form of kili/clan.","What is it, what is it called locally, and what form does it take?",candidate,field_verification_required,,1,active
IND-000089,DOM-05,DOM-05-S01,process_meaning,"Document actors, timing, place, sequence, objects, words and participant meaning for kili/clan.","Who does what, when, where, how, with which objects/words, and what does it mean to participants?",candidate,field_verification_required,,1,active
IND-000090,DOM-05,DOM-05-S01,variation_change,"Document site, kili, gender, generation and historical variation in kili/clan.","How does it vary across sites or groups, and how has it changed over time?",candidate,field_verification_required,,1,active
IND-000091,DOM-05,DOM-05-S02,presence_form,"Document the presence, local name and form of descent.","What is it, what is it called locally, and what form does it take?",candidate,field_verification_required,,1,active
IND-000092,DOM-05,DOM-05-S02,process_meaning,"Document actors, timing, place, sequence, objects, words and participant meaning for descent.","Who does what, when, where, how, with which objects/words, and what does it mean to participants?",candidate,field_verification_required,,1,active
IND-000093,DOM-05,DOM-05-S02,variation_change,"Document site, kili, gender, generation and historical variation in descent.","How does it vary across sites or groups, and how has it changed over time?",candidate,field_verification_required,,1,active
IND-000094,DOM-05,DOM-05-S03,presence_form,"Document the presence, local name and form of kinship terminology.","What is it, what is it called locally, and what form does it take?",candidate,field_verification_required,,1,active
IND-000095,DOM-05,DOM-05-S03,process_meaning,"Document actors, timing, place, sequence, objects, words and participant meaning for kinship terminology.","Who does what, when, where, how, with which objects/words, and what does it mean to participants?",candidate,field_verification_required,,1,active
IND-000096,DOM-05,DOM-05-S03,variation_change,"Document site, kili, gender, generation and historical variation in kinship terminology.","How does it vary across sites or groups, and how has it changed over time?",candidate,field_verification_required,,1,active
IND-000097,DOM-05,DOM-05-S04,presence_form,"Document the presence, local name and form of kin obligations.","What is it, what is it called locally, and what form does it take?",candidate,field_verification_required,,1,active
IND-000098,DOM-05,DOM-05-S04,process_meaning,"Document actors, timing, place, sequence, objects, words and participant meaning for kin obligations.","Who does what, when, where, how, with which objects/words, and what does it mean to participants?",candidate,field_verification_required,,1,active
IND-000099,DOM-05,DOM-05-S04,variation_change,"Document site, kili, gender, generation and historical variation in kin obligations.","How does it vary across sites or groups, and how has it changed over time?",candidate,field_verification_required,,1,active
IND-000100,DOM-05,DOM-05-S05,presence_form,"Document the presence, local name and form of marriage restrictions.","What is it, what is it called locally, and what form does it take?",candidate,field_verification_required,,1,active
IND-000101,DOM-05,DOM-05-S05,process_meaning,"Document actors, timing, place, sequence, objects, words and participant meaning for marriage restrictions.","Who does what, when, where, how, with which objects/words, and what does it mean to participants?",candidate,field_verification_required,,1,active
IND-000102,DOM-05,DOM-05-S05,variation_change,"Document site, kili, gender, generation and historical variation in marriage restrictions.","How does it vary across sites or groups, and how has it changed over time?",candidate,field_verification_required,,1,active
IND-000103,DOM-05,DOM-05-S06,presence_form,"Document the presence, local name and form of maternal relations.","What is it, what is it called locally, and what form does it take?",candidate,field_verification_required,,1,active
IND-000104,DOM-05,DOM-05-S06,process_meaning,"Document actors, timing, place, sequence, objects, words and participant meaning for maternal relations.","Who does what, when, where, how, with which objects/words, and what does it mean to participants?",candidate,field_verification_required,,1,active
IND-000105,DOM-05,DOM-05-S06,variation_change,"Document site, kili, gender, generation and historical variation in maternal relations.","How does it vary across sites or groups, and how has it changed over time?",candidate,field_verification_required,,1,active
IND-000106,DOM-05,DOM-05-S07,presence_form,"Document the presence, local name and form of paternal relations.","What is it, what is it called locally, and what form does it take?",candidate,field_verification_required,,1,active
IND-000107,DOM-05,DOM-05-S07,process_meaning,"Document actors, timing, place, sequence, objects, words and participant meaning for paternal relations.","Who does what, when, where, how, with which objects/words, and what does it mean to participants?",candidate,field_verification_required,,1,active
IND-000108,DOM-05,DOM-05-S07,variation_change,"Document site, kili, gender, generation and historical variation in paternal relations.","How does it vary across sites or groups, and how has it changed over time?",candidate,field_verification_required,,1,active
IND-000109,DOM-05,DOM-05-S08,presence_form,"Document the presence, local name and form of affinal relations.","What is it, what is it called locally, and what form does it take?",candidate,field_verification_required,,1,active
IND-000110,DOM-05,DOM-05-S08,process_meaning,"Document actors, timing, place, sequence, objects, words and participant meaning for affinal relations.","Who does what, when, where, how, with which objects/words, and what does it mean to participants?",candidate,field_verification_required,,1,active
IND-000111,DOM-05,DOM-05-S08,variation_change,"Document site, kili, gender, generation and historical variation in affinal relations.","How does it vary across sites or groups, and how has it changed over time?",candidate,field_verification_required,,1,active
IND-000112,DOM-05,DOM-05-S09,presence_form,"Document the presence, local name and form of inheritance.","What is it, what is it called locally, and what form does it take?",candidate,field_verification_required,,1,active
IND-000113,DOM-05,DOM-05-S09,process_meaning,"Document actors, timing, place, sequence, objects, words and participant meaning for inheritance.","Who does what, when, where, how, with which objects/words, and what does it mean to participants?",candidate,field_verification_required,,1,active
IND-000114,DOM-05,DOM-05-S09,variation_change,"Document site, kili, gender, generation and historical variation in inheritance.","How does it vary across sites or groups, and how has it changed over time?",candidate,field_verification_required,,1,active
IND-000115,DOM-05,DOM-05-S10,presence_form,"Document the presence, local name and form of residence.","What is it, what is it called locally, and what form does it take?",candidate,field_verification_required,,1,active
IND-000116,DOM-05,DOM-05-S10,process_meaning,"Document actors, timing, place, sequence, objects, words and participant meaning for residence.","Who does what, when, where, how, with which objects/words, and what does it mean to participants?",candidate,field_verification_required,,1,active
IND-000117,DOM-05,DOM-05-S10,variation_change,"Document site, kili, gender, generation and historical variation in residence.","How does it vary across sites or groups, and how has it changed over time?",candidate,field_verification_required,,1,active
IND-000118,DOM-05,DOM-05-S11,presence_form,"Document the presence, local name and form of traditional organization.","What is it, what is it called locally, and what form does it take?",candidate,field_verification_required,,1,active
IND-000119,DOM-05,DOM-05-S11,process_meaning,"Document actors, timing, place, sequence, objects, words and participant meaning for traditional organization.","Who does what, when, where, how, with which objects/words, and what does it mean to participants?",candidate,field_verification_required,,1,active
IND-000120,DOM-05,DOM-05-S11,variation_change,"Document site, kili, gender, generation and historical variation in traditional organization.","How does it vary across sites or groups, and how has it changed over time?",candidate,field_verification_required,,1,active
IND-000121,DOM-06,DOM-06-S01,presence_form,"Document the presence, local name and form of eligibility.","What is it, what is it called locally, and what form does it take?",candidate,field_verification_required,,1,active
IND-000122,DOM-06,DOM-06-S01,process_meaning,"Document actors, timing, place, sequence, objects, words and participant meaning for eligibility.","Who does what, when, where, how, with which objects/words, and what does it mean to participants?",candidate,field_verification_required,,1,active
IND-000123,DOM-06,DOM-06-S01,variation_change,"Document site, kili, gender, generation and historical variation in eligibility.","How does it vary across sites or groups, and how has it changed over time?",candidate,field_verification_required,,1,active
IND-000124,DOM-06,DOM-06-S02,presence_form,"Document the presence, local name and form of partner selection.","What is it, what is it called locally, and what form does it take?",candidate,field_verification_required,,1,active
IND-000125,DOM-06,DOM-06-S02,process_meaning,"Document actors, timing, place, sequence, objects, words and participant meaning for partner selection.","Who does what, when, where, how, with which objects/words, and what does it mean to participants?",candidate,field_verification_required,,1,active
IND-000126,DOM-06,DOM-06-S02,variation_change,"Document site, kili, gender, generation and historical variation in partner selection.","How does it vary across sites or groups, and how has it changed over time?",candidate,field_verification_required,,1,active
IND-000127,DOM-06,DOM-06-S03,presence_form,"Document the presence, local name and form of courtship.","What is it, what is it called locally, and what form does it take?",candidate,field_verification_required,,1,active
IND-000128,DOM-06,DOM-06-S03,process_meaning,"Document actors, timing, place, sequence, objects, words and participant meaning for courtship.","Who does what, when, where, how, with which objects/words, and what does it mean to participants?",candidate,field_verification_required,,1,active
IND-000129,DOM-06,DOM-06-S03,variation_change,"Document site, kili, gender, generation and historical variation in courtship.","How does it vary across sites or groups, and how has it changed over time?",candidate,field_verification_required,,1,active
IND-000130,DOM-06,DOM-06-S04,presence_form,"Document the presence, local name and form of proposal.","What is it, what is it called locally, and what form does it take?",candidate,field_verification_required,,1,active
IND-000131,DOM-06,DOM-06-S04,process_meaning,"Document actors, timing, place, sequence, objects, words and participant meaning for proposal.","Who does what, when, where, how, with which objects/words, and what does it mean to participants?",candidate,field_verification_required,,1,active
IND-000132,DOM-06,DOM-06-S04,variation_change,"Document site, kili, gender, generation and historical variation in proposal.","How does it vary across sites or groups, and how has it changed over time?",candidate,field_verification_required,,1,active
IND-000133,DOM-06,DOM-06-S05,presence_form,"Document the presence, local name and form of negotiation.","What is it, what is it called locally, and what form does it take?",candidate,field_verification_required,,1,active
IND-000134,DOM-06,DOM-06-S05,process_meaning,"Document actors, timing, place, sequence, objects, words and participant meaning for negotiation.","Who does what, when, where, how, with which objects/words, and what does it mean to participants?",candidate,field_verification_required,,1,active
IND-000135,DOM-06,DOM-06-S05,variation_change,"Document site, kili, gender, generation and historical variation in negotiation.","How does it vary across sites or groups, and how has it changed over time?",candidate,field_verification_required,,1,active
IND-000136,DOM-06,DOM-06-S06,presence_form,"Document the presence, local name and form of engagement.","What is it, what is it called locally, and what form does it take?",candidate,field_verification_required,,1,active
IND-000137,DOM-06,DOM-06-S06,process_meaning,"Document actors, timing, place, sequence, objects, words and participant meaning for engagement.","Who does what, when, where, how, with which objects/words, and what does it mean to participants?",candidate,field_verification_required,,1,active
IND-000138,DOM-06,DOM-06-S06,variation_change,"Document site, kili, gender, generation and historical variation in engagement.","How does it vary across sites or groups, and how has it changed over time?",candidate,field_verification_required,,1,active
IND-000139,DOM-06,DOM-06-S07,presence_form,"Document the presence, local name and form of bride/groom exchanges.","What is it, what is it called locally, and what form does it take?",candidate,field_verification_required,,1,active
IND-000140,DOM-06,DOM-06-S07,process_meaning,"Document actors, timing, place, sequence, objects, words and participant meaning for bride/groom exchanges.","Who does what, when, where, how, with which objects/words, and what does it mean to participants?",candidate,field_verification_required,,1,active
IND-000141,DOM-06,DOM-06-S07,variation_change,"Document site, kili, gender, generation and historical variation in bride/groom exchanges.","How does it vary across sites or groups, and how has it changed over time?",candidate,field_verification_required,,1,active
IND-000142,DOM-06,DOM-06-S08,presence_form,"Document the presence, local name and form of preparation.","What is it, what is it called locally, and what form does it take?",candidate,field_verification_required,,1,active
IND-000143,DOM-06,DOM-06-S08,process_meaning,"Document actors, timing, place, sequence, objects, words and participant meaning for preparation.","Who does what, when, where, how, with which objects/words, and what does it mean to participants?",candidate,field_verification_required,,1,active
IND-000144,DOM-06,DOM-06-S08,variation_change,"Document site, kili, gender, generation and historical variation in preparation.","How does it vary across sites or groups, and how has it changed over time?",candidate,field_verification_required,,1,active
IND-000145,DOM-06,DOM-06-S09,presence_form,"Document the presence, local name and form of invitation.","What is it, what is it called locally, and what form does it take?",candidate,field_verification_required,,1,active
IND-000146,DOM-06,DOM-06-S09,process_meaning,"Document actors, timing, place, sequence, objects, words and participant meaning for invitation.","Who does what, when, where, how, with which objects/words, and what does it mean to participants?",candidate,field_verification_required,,1,active
IND-000147,DOM-06,DOM-06-S09,variation_change,"Document site, kili, gender, generation and historical variation in invitation.","How does it vary across sites or groups, and how has it changed over time?",candidate,field_verification_required,,1,active
IND-000148,DOM-06,DOM-06-S10,presence_form,"Document the presence, local name and form of wedding event.","What is it, what is it called locally, and what form does it take?",candidate,field_verification_required,,1,active
IND-000149,DOM-06,DOM-06-S10,process_meaning,"Document actors, timing, place, sequence, objects, words and participant meaning for wedding event.","Who does what, when, where, how, with which objects/words, and what does it mean to participants?",candidate,field_verification_required,,1,active
IND-000150,DOM-06,DOM-06-S10,variation_change,"Document site, kili, gender, generation and historical variation in wedding event.","How does it vary across sites or groups, and how has it changed over time?",candidate,field_verification_required,,1,active
IND-000151,DOM-06,DOM-06-S11,presence_form,"Document the presence, local name and form of ritual sequence.","What is it, what is it called locally, and what form does it take?",candidate,field_verification_required,,1,active
IND-000152,DOM-06,DOM-06-S11,process_meaning,"Document actors, timing, place, sequence, objects, words and participant meaning for ritual sequence.","Who does what, when, where, how, with which objects/words, and what does it mean to participants?",candidate,field_verification_required,,1,active
IND-000153,DOM-06,DOM-06-S11,variation_change,"Document site, kili, gender, generation and historical variation in ritual sequence.","How does it vary across sites or groups, and how has it changed over time?",candidate,field_verification_required,,1,active
IND-000154,DOM-06,DOM-06-S12,presence_form,"Document the presence, local name and form of wedding actors.","What is it, what is it called locally, and what form does it take?",candidate,field_verification_required,,1,active
IND-000155,DOM-06,DOM-06-S12,process_meaning,"Document actors, timing, place, sequence, objects, words and participant meaning for wedding actors.","Who does what, when, where, how, with which objects/words, and what does it mean to participants?",candidate,field_verification_required,,1,active
IND-000156,DOM-06,DOM-06-S12,variation_change,"Document site, kili, gender, generation and historical variation in wedding actors.","How does it vary across sites or groups, and how has it changed over time?",candidate,field_verification_required,,1,active
IND-000157,DOM-06,DOM-06-S13,presence_form,"Document the presence, local name and form of wedding objects.","What is it, what is it called locally, and what form does it take?",candidate,field_verification_required,,1,active
IND-000158,DOM-06,DOM-06-S13,process_meaning,"Document actors, timing, place, sequence, objects, words and participant meaning for wedding objects.","Who does what, when, where, how, with which objects/words, and what does it mean to participants?",candidate,field_verification_required,,1,active
IND-000159,DOM-06,DOM-06-S13,variation_change,"Document site, kili, gender, generation and historical variation in wedding objects.","How does it vary across sites or groups, and how has it changed over time?",candidate,field_verification_required,,1,active
IND-000160,DOM-06,DOM-06-S14,presence_form,"Document the presence, local name and form of food and drink.","What is it, what is it called locally, and what form does it take?",candidate,field_verification_required,,1,active
IND-000161,DOM-06,DOM-06-S14,process_meaning,"Document actors, timing, place, sequence, objects, words and participant meaning for food and drink.","Who does what, when, where, how, with which objects/words, and what does it mean to participants?",candidate,field_verification_required,,1,active
IND-000162,DOM-06,DOM-06-S14,variation_change,"Document site, kili, gender, generation and historical variation in food and drink.","How does it vary across sites or groups, and how has it changed over time?",candidate,field_verification_required,,1,active
IND-000163,DOM-06,DOM-06-S15,presence_form,"Document the presence, local name and form of song/music/dance.","What is it, what is it called locally, and what form does it take?",candidate,field_verification_required,,1,active
IND-000164,DOM-06,DOM-06-S15,process_meaning,"Document actors, timing, place, sequence, objects, words and participant meaning for song/music/dance.","Who does what, when, where, how, with which objects/words, and what does it mean to participants?",candidate,field_verification_required,,1,active
IND-000165,DOM-06,DOM-06-S15,variation_change,"Document site, kili, gender, generation and historical variation in song/music/dance.","How does it vary across sites or groups, and how has it changed over time?",candidate,field_verification_required,,1,active
IND-000166,DOM-06,DOM-06-S16,presence_form,"Document the presence, local name and form of post-marriage.","What is it, what is it called locally, and what form does it take?",candidate,field_verification_required,,1,active
IND-000167,DOM-06,DOM-06-S16,process_meaning,"Document actors, timing, place, sequence, objects, words and participant meaning for post-marriage.","Who does what, when, where, how, with which objects/words, and what does it mean to participants?",candidate,field_verification_required,,1,active
IND-000168,DOM-06,DOM-06-S16,variation_change,"Document site, kili, gender, generation and historical variation in post-marriage.","How does it vary across sites or groups, and how has it changed over time?",candidate,field_verification_required,,1,active
IND-000169,DOM-06,DOM-06-S17,presence_form,"Document the presence, local name and form of divorce.","What is it, what is it called locally, and what form does it take?",candidate,field_verification_required,,1,active
IND-000170,DOM-06,DOM-06-S17,process_meaning,"Document actors, timing, place, sequence, objects, words and participant meaning for divorce.","Who does what, when, where, how, with which objects/words, and what does it mean to participants?",candidate,field_verification_required,,1,active
IND-000171,DOM-06,DOM-06-S17,variation_change,"Document site, kili, gender, generation and historical variation in divorce.","How does it vary across sites or groups, and how has it changed over time?",candidate,field_verification_required,,1,active
IND-000172,DOM-06,DOM-06-S18,presence_form,"Document the presence, local name and form of remarriage.","What is it, what is it called locally, and what form does it take?",candidate,field_verification_required,,1,active
IND-000173,DOM-06,DOM-06-S18,process_meaning,"Document actors, timing, place, sequence, objects, words and participant meaning for remarriage.","Who does what, when, where, how, with which objects/words, and what does it mean to participants?",candidate,field_verification_required,,1,active
IND-000174,DOM-06,DOM-06-S18,variation_change,"Document site, kili, gender, generation and historical variation in remarriage.","How does it vary across sites or groups, and how has it changed over time?",candidate,field_verification_required,,1,active
IND-000175,DOM-06,DOM-06-S19,presence_form,"Document the presence, local name and form of widow/widower practices.","What is it, what is it called locally, and what form does it take?",candidate,field_verification_required,,1,active
IND-000176,DOM-06,DOM-06-S19,process_meaning,"Document actors, timing, place, sequence, objects, words and participant meaning for widow/widower practices.","Who does what, when, where, how, with which objects/words, and what does it mean to participants?",candidate,field_verification_required,,1,active
IND-000177,DOM-06,DOM-06-S19,variation_change,"Document site, kili, gender, generation and historical variation in widow/widower practices.","How does it vary across sites or groups, and how has it changed over time?",candidate,field_verification_required,,1,active
IND-000178,DOM-07,DOM-07-S01,presence_form,"Document the presence, local name and form of household structure.","What is it, what is it called locally, and what form does it take?",candidate,field_verification_required,,1,active
IND-000179,DOM-07,DOM-07-S01,process_meaning,"Document actors, timing, place, sequence, objects, words and participant meaning for household structure.","Who does what, when, where, how, with which objects/words, and what does it mean to participants?",candidate,field_verification_required,,1,active
IND-000180,DOM-07,DOM-07-S01,variation_change,"Document site, kili, gender, generation and historical variation in household structure.","How does it vary across sites or groups, and how has it changed over time?",candidate,field_verification_required,,1,active
IND-000181,DOM-07,DOM-07-S02,presence_form,"Document the presence, local name and form of spousal roles.","What is it, what is it called locally, and what form does it take?",candidate,field_verification_required,,1,active
IND-000182,DOM-07,DOM-07-S02,process_meaning,"Document actors, timing, place, sequence, objects, words and participant meaning for spousal roles.","Who does what, when, where, how, with which objects/words, and what does it mean to participants?",candidate,field_verification_required,,1,active
IND-000183,DOM-07,DOM-07-S02,variation_change,"Document site, kili, gender, generation and historical variation in spousal roles.","How does it vary across sites or groups, and how has it changed over time?",candidate,field_verification_required,,1,active
IND-000184,DOM-07,DOM-07-S03,presence_form,"Document the presence, local name and form of parenthood.","What is it, what is it called locally, and what form does it take?",candidate,field_verification_required,,1,active
IND-000185,DOM-07,DOM-07-S03,process_meaning,"Document actors, timing, place, sequence, objects, words and participant meaning for parenthood.","Who does what, when, where, how, with which objects/words, and what does it mean to participants?",candidate,field_verification_required,,1,active
IND-000186,DOM-07,DOM-07-S03,variation_change,"Document site, kili, gender, generation and historical variation in parenthood.","How does it vary across sites or groups, and how has it changed over time?",candidate,field_verification_required,,1,active
IND-000187,DOM-07,DOM-07-S04,presence_form,"Document the presence, local name and form of division of labour.","What is it, what is it called locally, and what form does it take?",candidate,field_verification_required,,1,active
IND-000188,DOM-07,DOM-07-S04,process_meaning,"Document actors, timing, place, sequence, objects, words and participant meaning for division of labour.","Who does what, when, where, how, with which objects/words, and what does it mean to participants?",candidate,field_verification_required,,1,active
IND-000189,DOM-07,DOM-07-S04,variation_change,"Document site, kili, gender, generation and historical variation in division of labour.","How does it vary across sites or groups, and how has it changed over time?",candidate,field_verification_required,,1,active
IND-000190,DOM-07,DOM-07-S05,presence_form,"Document the presence, local name and form of decision making.","What is it, what is it called locally, and what form does it take?",candidate,field_verification_required,,1,active
IND-000191,DOM-07,DOM-07-S05,process_meaning,"Document actors, timing, place, sequence, objects, words and participant meaning for decision making.","Who does what, when, where, how, with which objects/words, and what does it mean to participants?",candidate,field_verification_required,,1,active
IND-000192,DOM-07,DOM-07-S05,variation_change,"Document site, kili, gender, generation and historical variation in decision making.","How does it vary across sites or groups, and how has it changed over time?",candidate,field_verification_required,,1,active
IND-000193,DOM-07,DOM-07-S06,presence_form,"Document the presence, local name and form of property.","What is it, what is it called locally, and what form does it take?",candidate,field_verification_required,,1,active
IND-000194,DOM-07,DOM-07-S06,process_meaning,"Document actors, timing, place, sequence, objects, words and participant meaning for property.","Who does what, when, where, how, with which objects/words, and what does it mean to participants?",candidate,field_verification_required,,1,active
IND-000195,DOM-07,DOM-07-S06,variation_change,"Document site, kili, gender, generation and historical variation in property.","How does it vary across sites or groups, and how has it changed over time?",candidate,field_verification_required,,1,active
IND-000196,DOM-07,DOM-07-S07,presence_form,"Document the presence, local name and form of inheritance practice.","What is it, what is it called locally, and what form does it take?",candidate,field_verification_required,,1,active
IND-000197,DOM-07,DOM-07-S07,process_meaning,"Document actors, timing, place, sequence, objects, words and participant meaning for inheritance practice.","Who does what, when, where, how, with which objects/words, and what does it mean to participants?",candidate,field_verification_required,,1,active
IND-000198,DOM-07,DOM-07-S07,variation_change,"Document site, kili, gender, generation and historical variation in inheritance practice.","How does it vary across sites or groups, and how has it changed over time?",candidate,field_verification_required,,1,active
IND-000199,DOM-07,DOM-07-S08,presence_form,"Document the presence, local name and form of hospitality.","What is it, what is it called locally, and what form does it take?",candidate,field_verification_required,,1,active
IND-000200,DOM-07,DOM-07-S08,process_meaning,"Document actors, timing, place, sequence, objects, words and participant meaning for hospitality.","Who does what, when, where, how, with which objects/words, and what does it mean to participants?",candidate,field_verification_required,,1,active
IND-000201,DOM-07,DOM-07-S08,variation_change,"Document site, kili, gender, generation and historical variation in hospitality.","How does it vary across sites or groups, and how has it changed over time?",candidate,field_verification_required,,1,active
IND-000202,DOM-07,DOM-07-S09,presence_form,"Document the presence, local name and form of conflict resolution.","What is it, what is it called locally, and what form does it take?",candidate,field_verification_required,,1,active
IND-000203,DOM-07,DOM-07-S09,process_meaning,"Document actors, timing, place, sequence, objects, words and participant meaning for conflict resolution.","Who does what, when, where, how, with which objects/words, and what does it mean to participants?",candidate,field_verification_required,,1,active
IND-000204,DOM-07,DOM-07-S09,variation_change,"Document site, kili, gender, generation and historical variation in conflict resolution.","How does it vary across sites or groups, and how has it changed over time?",candidate,field_verification_required,,1,active
IND-000205,DOM-07,DOM-07-S10,presence_form,"Document the presence, local name and form of community obligations.","What is it, what is it called locally, and what form does it take?",candidate,field_verification_required,,1,active
IND-000206,DOM-07,DOM-07-S10,process_meaning,"Document actors, timing, place, sequence, objects, words and participant meaning for community obligations.","Who does what, when, where, how, with which objects/words, and what does it mean to participants?",candidate,field_verification_required,,1,active
IND-000207,DOM-07,DOM-07-S10,variation_change,"Document site, kili, gender, generation and historical variation in community obligations.","How does it vary across sites or groups, and how has it changed over time?",candidate,field_verification_required,,1,active
IND-000208,DOM-07,DOM-07-S11,presence_form,"Document the presence, local name and form of care.","What is it, what is it called locally, and what form does it take?",candidate,field_verification_required,,1,active
IND-000209,DOM-07,DOM-07-S11,process_meaning,"Document actors, timing, place, sequence, objects, words and participant meaning for care.","Who does what, when, where, how, with which objects/words, and what does it mean to participants?",candidate,field_verification_required,,1,active
IND-000210,DOM-07,DOM-07-S11,variation_change,"Document site, kili, gender, generation and historical variation in care.","How does it vary across sites or groups, and how has it changed over time?",candidate,field_verification_required,,1,active
IND-000211,DOM-08,DOM-08-S01,presence_form,"Document the presence, local name and form of agriculture.","What is it, what is it called locally, and what form does it take?",candidate,field_verification_required,,1,active
IND-000212,DOM-08,DOM-08-S01,process_meaning,"Document actors, timing, place, sequence, objects, words and participant meaning for agriculture.","Who does what, when, where, how, with which objects/words, and what does it mean to participants?",candidate,field_verification_required,,1,active
IND-000213,DOM-08,DOM-08-S01,variation_change,"Document site, kili, gender, generation and historical variation in agriculture.","How does it vary across sites or groups, and how has it changed over time?",candidate,field_verification_required,,1,active
IND-000214,DOM-08,DOM-08-S02,presence_form,"Document the presence, local name and form of agricultural calendar.","What is it, what is it called locally, and what form does it take?",candidate,field_verification_required,,1,active
IND-000215,DOM-08,DOM-08-S02,process_meaning,"Document actors, timing, place, sequence, objects, words and participant meaning for agricultural calendar.","Who does what, when, where, how, with which objects/words, and what does it mean to participants?",candidate,field_verification_required,,1,active
IND-000216,DOM-08,DOM-08-S02,variation_change,"Document site, kili, gender, generation and historical variation in agricultural calendar.","How does it vary across sites or groups, and how has it changed over time?",candidate,field_verification_required,,1,active
IND-000217,DOM-08,DOM-08-S03,presence_form,"Document the presence, local name and form of forest use.","What is it, what is it called locally, and what form does it take?",candidate,field_verification_required,,1,active
IND-000218,DOM-08,DOM-08-S03,process_meaning,"Document actors, timing, place, sequence, objects, words and participant meaning for forest use.","Who does what, when, where, how, with which objects/words, and what does it mean to participants?",candidate,field_verification_required,,1,active
IND-000219,DOM-08,DOM-08-S03,variation_change,"Document site, kili, gender, generation and historical variation in forest use.","How does it vary across sites or groups, and how has it changed over time?",candidate,field_verification_required,,1,active
IND-000220,DOM-08,DOM-08-S04,presence_form,"Document the presence, local name and form of hunting and fishing.","What is it, what is it called locally, and what form does it take?",candidate,field_verification_required,,1,active
IND-000221,DOM-08,DOM-08-S04,process_meaning,"Document actors, timing, place, sequence, objects, words and participant meaning for hunting and fishing.","Who does what, when, where, how, with which objects/words, and what does it mean to participants?",candidate,field_verification_required,,1,active
IND-000222,DOM-08,DOM-08-S04,variation_change,"Document site, kili, gender, generation and historical variation in hunting and fishing.","How does it vary across sites or groups, and how has it changed over time?",candidate,field_verification_required,,1,active
IND-000223,DOM-08,DOM-08-S05,presence_form,"Document the presence, local name and form of livestock.","What is it, what is it called locally, and what form does it take?",candidate,field_verification_required,,1,active
IND-000224,DOM-08,DOM-08-S05,process_meaning,"Document actors, timing, place, sequence, objects, words and participant meaning for livestock.","Who does what, when, where, how, with which objects/words, and what does it mean to participants?",candidate,field_verification_required,,1,active
IND-000225,DOM-08,DOM-08-S05,variation_change,"Document site, kili, gender, generation and historical variation in livestock.","How does it vary across sites or groups, and how has it changed over time?",candidate,field_verification_required,,1,active
IND-000226,DOM-08,DOM-08-S06,presence_form,"Document the presence, local name and form of occupation.","What is it, what is it called locally, and what form does it take?",candidate,field_verification_required,,1,active
IND-000227,DOM-08,DOM-08-S06,process_meaning,"Document actors, timing, place, sequence, objects, words and participant meaning for occupation.","Who does what, when, where, how, with which objects/words, and what does it mean to participants?",candidate,field_verification_required,,1,active
IND-000228,DOM-08,DOM-08-S06,variation_change,"Document site, kili, gender, generation and historical variation in occupation.","How does it vary across sites or groups, and how has it changed over time?",candidate,field_verification_required,,1,active
IND-000229,DOM-08,DOM-08-S07,presence_form,"Document the presence, local name and form of land relations.","What is it, what is it called locally, and what form does it take?",candidate,field_verification_required,,1,active
IND-000230,DOM-08,DOM-08-S07,process_meaning,"Document actors, timing, place, sequence, objects, words and participant meaning for land relations.","Who does what, when, where, how, with which objects/words, and what does it mean to participants?",candidate,field_verification_required,,1,active
IND-000231,DOM-08,DOM-08-S07,variation_change,"Document site, kili, gender, generation and historical variation in land relations.","How does it vary across sites or groups, and how has it changed over time?",candidate,field_verification_required,,1,active
IND-000232,DOM-08,DOM-08-S08,presence_form,"Document the presence, local name and form of ecological knowledge.","What is it, what is it called locally, and what form does it take?",candidate,field_verification_required,,1,active
IND-000233,DOM-08,DOM-08-S08,process_meaning,"Document actors, timing, place, sequence, objects, words and participant meaning for ecological knowledge.","Who does what, when, where, how, with which objects/words, and what does it mean to participants?",candidate,field_verification_required,,1,active
IND-000234,DOM-08,DOM-08-S08,variation_change,"Document site, kili, gender, generation and historical variation in ecological knowledge.","How does it vary across sites or groups, and how has it changed over time?",candidate,field_verification_required,,1,active
IND-000235,DOM-08,DOM-08-S09,presence_form,"Document the presence, local name and form of plants.","What is it, what is it called locally, and what form does it take?",candidate,field_verification_required,,1,active
IND-000236,DOM-08,DOM-08-S09,process_meaning,"Document actors, timing, place, sequence, objects, words and participant meaning for plants.","Who does what, when, where, how, with which objects/words, and what does it mean to participants?",candidate,field_verification_required,,1,active
IND-000237,DOM-08,DOM-08-S09,variation_change,"Document site, kili, gender, generation and historical variation in plants.","How does it vary across sites or groups, and how has it changed over time?",candidate,field_verification_required,,1,active
IND-000238,DOM-08,DOM-08-S10,presence_form,"Document the presence, local name and form of animals.","What is it, what is it called locally, and what form does it take?",candidate,field_verification_required,,1,active
IND-000239,DOM-08,DOM-08-S10,process_meaning,"Document actors, timing, place, sequence, objects, words and participant meaning for animals.","Who does what, when, where, how, with which objects/words, and what does it mean to participants?",candidate,field_verification_required,,1,active
IND-000240,DOM-08,DOM-08-S10,variation_change,"Document site, kili, gender, generation and historical variation in animals.","How does it vary across sites or groups, and how has it changed over time?",candidate,field_verification_required,,1,active
IND-000241,DOM-08,DOM-08-S11,presence_form,"Document the presence, local name and form of seasonality.","What is it, what is it called locally, and what form does it take?",candidate,field_verification_required,,1,active
IND-000242,DOM-08,DOM-08-S11,process_meaning,"Document actors, timing, place, sequence, objects, words and participant meaning for seasonality.","Who does what, when, where, how, with which objects/words, and what does it mean to participants?",candidate,field_verification_required,,1,active
IND-000243,DOM-08,DOM-08-S11,variation_change,"Document site, kili, gender, generation and historical variation in seasonality.","How does it vary across sites or groups, and how has it changed over time?",candidate,field_verification_required,,1,active
IND-000244,DOM-09,DOM-09-S01,presence_form,"Document the presence, local name and form of cosmology.","What is it, what is it called locally, and what form does it take?",candidate,field_verification_required,,1,active
IND-000245,DOM-09,DOM-09-S01,process_meaning,"Document actors, timing, place, sequence, objects, words and participant meaning for cosmology.","Who does what, when, where, how, with which objects/words, and what does it mean to participants?",candidate,field_verification_required,,1,active
IND-000246,DOM-09,DOM-09-S01,variation_change,"Document site, kili, gender, generation and historical variation in cosmology.","How does it vary across sites or groups, and how has it changed over time?",candidate,field_verification_required,,1,active
IND-000247,DOM-09,DOM-09-S02,presence_form,"Document the presence, local name and form of sacred beings.","What is it, what is it called locally, and what form does it take?",candidate,field_verification_required,,1,active
IND-000248,DOM-09,DOM-09-S02,process_meaning,"Document actors, timing, place, sequence, objects, words and participant meaning for sacred beings.","Who does what, when, where, how, with which objects/words, and what does it mean to participants?",candidate,field_verification_required,,1,active
IND-000249,DOM-09,DOM-09-S02,variation_change,"Document site, kili, gender, generation and historical variation in sacred beings.","How does it vary across sites or groups, and how has it changed over time?",candidate,field_verification_required,,1,active
IND-000250,DOM-09,DOM-09-S03,presence_form,"Document the presence, local name and form of singbonga.","What is it, what is it called locally, and what form does it take?",candidate,field_verification_required,,1,active
IND-000251,DOM-09,DOM-09-S03,process_meaning,"Document actors, timing, place, sequence, objects, words and participant meaning for singbonga.","Who does what, when, where, how, with which objects/words, and what does it mean to participants?",candidate,field_verification_required,,1,active
IND-000252,DOM-09,DOM-09-S03,variation_change,"Document site, kili, gender, generation and historical variation in singbonga.","How does it vary across sites or groups, and how has it changed over time?",candidate,field_verification_required,,1,active
IND-000253,DOM-09,DOM-09-S04,presence_form,"Document the presence, local name and form of bonga/spirit concepts.","What is it, what is it called locally, and what form does it take?",candidate,field_verification_required,,1,active
IND-000254,DOM-09,DOM-09-S04,process_meaning,"Document actors, timing, place, sequence, objects, words and participant meaning for bonga/spirit concepts.","Who does what, when, where, how, with which objects/words, and what does it mean to participants?",candidate,field_verification_required,,1,active
IND-000255,DOM-09,DOM-09-S04,variation_change,"Document site, kili, gender, generation and historical variation in bonga/spirit concepts.","How does it vary across sites or groups, and how has it changed over time?",candidate,field_verification_required,,1,active
IND-000256,DOM-09,DOM-09-S05,presence_form,"Document the presence, local name and form of ancestors.","What is it, what is it called locally, and what form does it take?",candidate,field_verification_required,,1,active
IND-000257,DOM-09,DOM-09-S05,process_meaning,"Document actors, timing, place, sequence, objects, words and participant meaning for ancestors.","Who does what, when, where, how, with which objects/words, and what does it mean to participants?",candidate,field_verification_required,,1,active
IND-000258,DOM-09,DOM-09-S05,variation_change,"Document site, kili, gender, generation and historical variation in ancestors.","How does it vary across sites or groups, and how has it changed over time?",candidate,field_verification_required,,1,active
IND-000259,DOM-09,DOM-09-S06,presence_form,"Document the presence, local name and form of pahan.","What is it, what is it called locally, and what form does it take?",candidate,field_verification_required,,1,active
IND-000260,DOM-09,DOM-09-S06,process_meaning,"Document actors, timing, place, sequence, objects, words and participant meaning for pahan.","Who does what, when, where, how, with which objects/words, and what does it mean to participants?",candidate,field_verification_required,,1,active
IND-000261,DOM-09,DOM-09-S06,variation_change,"Document site, kili, gender, generation and historical variation in pahan.","How does it vary across sites or groups, and how has it changed over time?",candidate,field_verification_required,,1,active
IND-000262,DOM-09,DOM-09-S07,presence_form,"Document the presence, local name and form of religious specialists.","What is it, what is it called locally, and what form does it take?",candidate,field_verification_required,,1,active
IND-000263,DOM-09,DOM-09-S07,process_meaning,"Document actors, timing, place, sequence, objects, words and participant meaning for religious specialists.","Who does what, when, where, how, with which objects/words, and what does it mean to participants?",candidate,field_verification_required,,1,active
IND-000264,DOM-09,DOM-09-S07,variation_change,"Document site, kili, gender, generation and historical variation in religious specialists.","How does it vary across sites or groups, and how has it changed over time?",candidate,field_verification_required,,1,active
IND-000265,DOM-09,DOM-09-S08,presence_form,"Document the presence, local name and form of sacred places.","What is it, what is it called locally, and what form does it take?",candidate,field_verification_required,,1,active
IND-000266,DOM-09,DOM-09-S08,process_meaning,"Document actors, timing, place, sequence, objects, words and participant meaning for sacred places.","Who does what, when, where, how, with which objects/words, and what does it mean to participants?",candidate,field_verification_required,,1,active
IND-000267,DOM-09,DOM-09-S08,variation_change,"Document site, kili, gender, generation and historical variation in sacred places.","How does it vary across sites or groups, and how has it changed over time?",candidate,field_verification_required,,1,active
IND-000268,DOM-09,DOM-09-S09,presence_form,"Document the presence, local name and form of sarna.","What is it, what is it called locally, and what form does it take?",candidate,field_verification_required,,1,active
IND-000269,DOM-09,DOM-09-S09,process_meaning,"Document actors, timing, place, sequence, objects, words and participant meaning for sarna.","Who does what, when, where, how, with which objects/words, and what does it mean to participants?",candidate,field_verification_required,,1,active
IND-000270,DOM-09,DOM-09-S09,variation_change,"Document site, kili, gender, generation and historical variation in sarna.","How does it vary across sites or groups, and how has it changed over time?",candidate,field_verification_required,,1,active
IND-000271,DOM-09,DOM-09-S10,presence_form,"Document the presence, local name and form of offerings.","What is it, what is it called locally, and what form does it take?",candidate,field_verification_required,,1,active
IND-000272,DOM-09,DOM-09-S10,process_meaning,"Document actors, timing, place, sequence, objects, words and participant meaning for offerings.","Who does what, when, where, how, with which objects/words, and what does it mean to participants?",candidate,field_verification_required,,1,active
IND-000273,DOM-09,DOM-09-S10,variation_change,"Document site, kili, gender, generation and historical variation in offerings.","How does it vary across sites or groups, and how has it changed over time?",candidate,field_verification_required,,1,active
IND-000274,DOM-09,DOM-09-S11,presence_form,"Document the presence, local name and form of prayer and invocation.","What is it, what is it called locally, and what form does it take?",candidate,field_verification_required,,1,active
IND-000275,DOM-09,DOM-09-S11,process_meaning,"Document actors, timing, place, sequence, objects, words and participant meaning for prayer and invocation.","Who does what, when, where, how, with which objects/words, and what does it mean to participants?",candidate,field_verification_required,,1,active
IND-000276,DOM-09,DOM-09-S11,variation_change,"Document site, kili, gender, generation and historical variation in prayer and invocation.","How does it vary across sites or groups, and how has it changed over time?",candidate,field_verification_required,,1,active
IND-000277,DOM-09,DOM-09-S12,presence_form,"Document the presence, local name and form of taboos.","What is it, what is it called locally, and what form does it take?",candidate,field_verification_required,,1,active
IND-000278,DOM-09,DOM-09-S12,process_meaning,"Document actors, timing, place, sequence, objects, words and participant meaning for taboos.","Who does what, when, where, how, with which objects/words, and what does it mean to participants?",candidate,field_verification_required,,1,active
IND-000279,DOM-09,DOM-09-S12,variation_change,"Document site, kili, gender, generation and historical variation in taboos.","How does it vary across sites or groups, and how has it changed over time?",candidate,field_verification_required,,1,active
IND-000280,DOM-09,DOM-09-S13,presence_form,"Document the presence, local name and form of sacred objects.","What is it, what is it called locally, and what form does it take?",candidate,field_verification_required,,1,active
IND-000281,DOM-09,DOM-09-S13,process_meaning,"Document actors, timing, place, sequence, objects, words and participant meaning for sacred objects.","Who does what, when, where, how, with which objects/words, and what does it mean to participants?",candidate,field_verification_required,,1,active
IND-000282,DOM-09,DOM-09-S13,variation_change,"Document site, kili, gender, generation and historical variation in sacred objects.","How does it vary across sites or groups, and how has it changed over time?",candidate,field_verification_required,,1,active
IND-000283,DOM-09,DOM-09-S14,presence_form,"Document the presence, local name and form of healing ritual.","What is it, what is it called locally, and what form does it take?",candidate,field_verification_required,,1,active
IND-000284,DOM-09,DOM-09-S14,process_meaning,"Document actors, timing, place, sequence, objects, words and participant meaning for healing ritual.","Who does what, when, where, how, with which objects/words, and what does it mean to participants?",candidate,field_verification_required,,1,active
IND-000285,DOM-09,DOM-09-S14,variation_change,"Document site, kili, gender, generation and historical variation in healing ritual.","How does it vary across sites or groups, and how has it changed over time?",candidate,field_verification_required,,1,active
IND-000286,DOM-10,DOM-10-S01,presence_form,"Document the presence, local name and form of festival master.","What is it, what is it called locally, and what form does it take?",candidate,field_verification_required,,1,active
IND-000287,DOM-10,DOM-10-S01,process_meaning,"Document actors, timing, place, sequence, objects, words and participant meaning for festival master.","Who does what, when, where, how, with which objects/words, and what does it mean to participants?",candidate,field_verification_required,,1,active
IND-000288,DOM-10,DOM-10-S01,variation_change,"Document site, kili, gender, generation and historical variation in festival master.","How does it vary across sites or groups, and how has it changed over time?",candidate,field_verification_required,,1,active
IND-000289,DOM-10,DOM-10-S02,presence_form,"Document the presence, local name and form of sarhul/ba.","What is it, what is it called locally, and what form does it take?",candidate,field_verification_required,,1,active
IND-000290,DOM-10,DOM-10-S02,process_meaning,"Document actors, timing, place, sequence, objects, words and participant meaning for sarhul/ba.","Who does what, when, where, how, with which objects/words, and what does it mean to participants?",candidate,field_verification_required,,1,active
IND-000291,DOM-10,DOM-10-S02,variation_change,"Document site, kili, gender, generation and historical variation in sarhul/ba.","How does it vary across sites or groups, and how has it changed over time?",candidate,field_verification_required,,1,active
IND-000292,DOM-10,DOM-10-S03,presence_form,"Document the presence, local name and form of karam.","What is it, what is it called locally, and what form does it take?",candidate,field_verification_required,,1,active
IND-000293,DOM-10,DOM-10-S03,process_meaning,"Document actors, timing, place, sequence, objects, words and participant meaning for karam.","Who does what, when, where, how, with which objects/words, and what does it mean to participants?",candidate,field_verification_required,,1,active
IND-000294,DOM-10,DOM-10-S03,variation_change,"Document site, kili, gender, generation and historical variation in karam.","How does it vary across sites or groups, and how has it changed over time?",candidate,field_verification_required,,1,active
IND-000295,DOM-10,DOM-10-S04,presence_form,"Document the presence, local name and form of sohrai.","What is it, what is it called locally, and what form does it take?",candidate,field_verification_required,,1,active
IND-000296,DOM-10,DOM-10-S04,process_meaning,"Document actors, timing, place, sequence, objects, words and participant meaning for sohrai.","Who does what, when, where, how, with which objects/words, and what does it mean to participants?",candidate,field_verification_required,,1,active
IND-000297,DOM-10,DOM-10-S04,variation_change,"Document site, kili, gender, generation and historical variation in sohrai.","How does it vary across sites or groups, and how has it changed over time?",candidate,field_verification_required,,1,active
IND-000298,DOM-10,DOM-10-S05,presence_form,"Document the presence, local name and form of mage.","What is it, what is it called locally, and what form does it take?",candidate,field_verification_required,,1,active
IND-000299,DOM-10,DOM-10-S05,process_meaning,"Document actors, timing, place, sequence, objects, words and participant meaning for mage.","Who does what, when, where, how, with which objects/words, and what does it mean to participants?",candidate,field_verification_required,,1,active
IND-000300,DOM-10,DOM-10-S05,variation_change,"Document site, kili, gender, generation and historical variation in mage.","How does it vary across sites or groups, and how has it changed over time?",candidate,field_verification_required,,1,active
IND-000301,DOM-10,DOM-10-S06,presence_form,"Document the presence, local name and form of phagu.","What is it, what is it called locally, and what form does it take?",candidate,field_verification_required,,1,active
IND-000302,DOM-10,DOM-10-S06,process_meaning,"Document actors, timing, place, sequence, objects, words and participant meaning for phagu.","Who does what, when, where, how, with which objects/words, and what does it mean to participants?",candidate,field_verification_required,,1,active
IND-000303,DOM-10,DOM-10-S06,variation_change,"Document site, kili, gender, generation and historical variation in phagu.","How does it vary across sites or groups, and how has it changed over time?",candidate,field_verification_required,,1,active
IND-000304,DOM-10,DOM-10-S07,presence_form,"Document the presence, local name and form of other local festivals.","What is it, what is it called locally, and what form does it take?",candidate,field_verification_required,,1,active
IND-000305,DOM-10,DOM-10-S07,process_meaning,"Document actors, timing, place, sequence, objects, words and participant meaning for other local festivals.","Who does what, when, where, how, with which objects/words, and what does it mean to participants?",candidate,field_verification_required,,1,active
IND-000306,DOM-10,DOM-10-S07,variation_change,"Document site, kili, gender, generation and historical variation in other local festivals.","How does it vary across sites or groups, and how has it changed over time?",candidate,field_verification_required,,1,active
IND-000307,DOM-10,DOM-10-S08,presence_form,"Document the presence, local name and form of festival sequence.","What is it, what is it called locally, and what form does it take?",candidate,field_verification_required,,1,active
IND-000308,DOM-10,DOM-10-S08,process_meaning,"Document actors, timing, place, sequence, objects, words and participant meaning for festival sequence.","Who does what, when, where, how, with which objects/words, and what does it mean to participants?",candidate,field_verification_required,,1,active
IND-000309,DOM-10,DOM-10-S08,variation_change,"Document site, kili, gender, generation and historical variation in festival sequence.","How does it vary across sites or groups, and how has it changed over time?",candidate,field_verification_required,,1,active
IND-000310,DOM-10,DOM-10-S09,presence_form,"Document the presence, local name and form of festival objects.","What is it, what is it called locally, and what form does it take?",candidate,field_verification_required,,1,active
IND-000311,DOM-10,DOM-10-S09,process_meaning,"Document actors, timing, place, sequence, objects, words and participant meaning for festival objects.","Who does what, when, where, how, with which objects/words, and what does it mean to participants?",candidate,field_verification_required,,1,active
IND-000312,DOM-10,DOM-10-S09,variation_change,"Document site, kili, gender, generation and historical variation in festival objects.","How does it vary across sites or groups, and how has it changed over time?",candidate,field_verification_required,,1,active
IND-000313,DOM-10,DOM-10-S10,presence_form,"Document the presence, local name and form of festival food.","What is it, what is it called locally, and what form does it take?",candidate,field_verification_required,,1,active
IND-000314,DOM-10,DOM-10-S10,process_meaning,"Document actors, timing, place, sequence, objects, words and participant meaning for festival food.","Who does what, when, where, how, with which objects/words, and what does it mean to participants?",candidate,field_verification_required,,1,active
IND-000315,DOM-10,DOM-10-S10,variation_change,"Document site, kili, gender, generation and historical variation in festival food.","How does it vary across sites or groups, and how has it changed over time?",candidate,field_verification_required,,1,active
IND-000316,DOM-10,DOM-10-S11,presence_form,"Document the presence, local name and form of festival performance.","What is it, what is it called locally, and what form does it take?",candidate,field_verification_required,,1,active
IND-000317,DOM-10,DOM-10-S11,process_meaning,"Document actors, timing, place, sequence, objects, words and participant meaning for festival performance.","Who does what, when, where, how, with which objects/words, and what does it mean to participants?",candidate,field_verification_required,,1,active
IND-000318,DOM-10,DOM-10-S11,variation_change,"Document site, kili, gender, generation and historical variation in festival performance.","How does it vary across sites or groups, and how has it changed over time?",candidate,field_verification_required,,1,active
IND-000319,DOM-11,DOM-11-S01,presence_form,"Document the presence, local name and form of food.","What is it, what is it called locally, and what form does it take?",candidate,field_verification_required,,1,active
IND-000320,DOM-11,DOM-11-S01,process_meaning,"Document actors, timing, place, sequence, objects, words and participant meaning for food.","Who does what, when, where, how, with which objects/words, and what does it mean to participants?",candidate,field_verification_required,,1,active
IND-000321,DOM-11,DOM-11-S01,variation_change,"Document site, kili, gender, generation and historical variation in food.","How does it vary across sites or groups, and how has it changed over time?",candidate,field_verification_required,,1,active
IND-000322,DOM-11,DOM-11-S02,presence_form,"Document the presence, local name and form of ingredients.","What is it, what is it called locally, and what form does it take?",candidate,field_verification_required,,1,active
IND-000323,DOM-11,DOM-11-S02,process_meaning,"Document actors, timing, place, sequence, objects, words and participant meaning for ingredients.","Who does what, when, where, how, with which objects/words, and what does it mean to participants?",candidate,field_verification_required,,1,active
IND-000324,DOM-11,DOM-11-S02,variation_change,"Document site, kili, gender, generation and historical variation in ingredients.","How does it vary across sites or groups, and how has it changed over time?",candidate,field_verification_required,,1,active
IND-000325,DOM-11,DOM-11-S03,presence_form,"Document the presence, local name and form of preparation.","What is it, what is it called locally, and what form does it take?",candidate,field_verification_required,,1,active
IND-000326,DOM-11,DOM-11-S03,process_meaning,"Document actors, timing, place, sequence, objects, words and participant meaning for preparation.","Who does what, when, where, how, with which objects/words, and what does it mean to participants?",candidate,field_verification_required,,1,active
IND-000327,DOM-11,DOM-11-S03,variation_change,"Document site, kili, gender, generation and historical variation in preparation.","How does it vary across sites or groups, and how has it changed over time?",candidate,field_verification_required,,1,active
IND-000328,DOM-11,DOM-11-S04,presence_form,"Document the presence, local name and form of everyday food.","What is it, what is it called locally, and what form does it take?",candidate,field_verification_required,,1,active
IND-000329,DOM-11,DOM-11-S04,process_meaning,"Document actors, timing, place, sequence, objects, words and participant meaning for everyday food.","Who does what, when, where, how, with which objects/words, and what does it mean to participants?",candidate,field_verification_required,,1,active
IND-000330,DOM-11,DOM-11-S04,variation_change,"Document site, kili, gender, generation and historical variation in everyday food.","How does it vary across sites or groups, and how has it changed over time?",candidate,field_verification_required,,1,active
IND-000331,DOM-11,DOM-11-S05,presence_form,"Document the presence, local name and form of ritual food.","What is it, what is it called locally, and what form does it take?",candidate,field_verification_required,,1,active
IND-000332,DOM-11,DOM-11-S05,process_meaning,"Document actors, timing, place, sequence, objects, words and participant meaning for ritual food.","Who does what, when, where, how, with which objects/words, and what does it mean to participants?",candidate,field_verification_required,,1,active
IND-000333,DOM-11,DOM-11-S05,variation_change,"Document site, kili, gender, generation and historical variation in ritual food.","How does it vary across sites or groups, and how has it changed over time?",candidate,field_verification_required,,1,active
IND-000334,DOM-11,DOM-11-S06,presence_form,"Document the presence, local name and form of festival food.","What is it, what is it called locally, and what form does it take?",candidate,field_verification_required,,1,active
IND-000335,DOM-11,DOM-11-S06,process_meaning,"Document actors, timing, place, sequence, objects, words and participant meaning for festival food.","Who does what, when, where, how, with which objects/words, and what does it mean to participants?",candidate,field_verification_required,,1,active
IND-000336,DOM-11,DOM-11-S06,variation_change,"Document site, kili, gender, generation and historical variation in festival food.","How does it vary across sites or groups, and how has it changed over time?",candidate,field_verification_required,,1,active
IND-000337,DOM-11,DOM-11-S07,presence_form,"Document the presence, local name and form of life-cycle food.","What is it, what is it called locally, and what form does it take?",candidate,field_verification_required,,1,active
IND-000338,DOM-11,DOM-11-S07,process_meaning,"Document actors, timing, place, sequence, objects, words and participant meaning for life-cycle food.","Who does what, when, where, how, with which objects/words, and what does it mean to participants?",candidate,field_verification_required,,1,active
IND-000339,DOM-11,DOM-11-S07,variation_change,"Document site, kili, gender, generation and historical variation in life-cycle food.","How does it vary across sites or groups, and how has it changed over time?",candidate,field_verification_required,,1,active
IND-000340,DOM-11,DOM-11-S08,presence_form,"Document the presence, local name and form of beverages.","What is it, what is it called locally, and what form does it take?",candidate,field_verification_required,,1,active
IND-000341,DOM-11,DOM-11-S08,process_meaning,"Document actors, timing, place, sequence, objects, words and participant meaning for beverages.","Who does what, when, where, how, with which objects/words, and what does it mean to participants?",candidate,field_verification_required,,1,active
IND-000342,DOM-11,DOM-11-S08,variation_change,"Document site, kili, gender, generation and historical variation in beverages.","How does it vary across sites or groups, and how has it changed over time?",candidate,field_verification_required,,1,active
IND-000343,DOM-11,DOM-11-S09,presence_form,"Document the presence, local name and form of handia/illi.","What is it, what is it called locally, and what form does it take?",candidate,field_verification_required,,1,active
IND-000344,DOM-11,DOM-11-S09,process_meaning,"Document actors, timing, place, sequence, objects, words and participant meaning for handia/illi.","Who does what, when, where, how, with which objects/words, and what does it mean to participants?",candidate,field_verification_required,,1,active
IND-000345,DOM-11,DOM-11-S09,variation_change,"Document site, kili, gender, generation and historical variation in handia/illi.","How does it vary across sites or groups, and how has it changed over time?",candidate,field_verification_required,,1,active
IND-000346,DOM-11,DOM-11-S10,presence_form,"Document the presence, local name and form of food restrictions.","What is it, what is it called locally, and what form does it take?",candidate,field_verification_required,,1,active
IND-000347,DOM-11,DOM-11-S10,process_meaning,"Document actors, timing, place, sequence, objects, words and participant meaning for food restrictions.","Who does what, when, where, how, with which objects/words, and what does it mean to participants?",candidate,field_verification_required,,1,active
IND-000348,DOM-11,DOM-11-S10,variation_change,"Document site, kili, gender, generation and historical variation in food restrictions.","How does it vary across sites or groups, and how has it changed over time?",candidate,field_verification_required,,1,active
IND-000349,DOM-11,DOM-11-S11,presence_form,"Document the presence, local name and form of hospitality.","What is it, what is it called locally, and what form does it take?",candidate,field_verification_required,,1,active
IND-000350,DOM-11,DOM-11-S11,process_meaning,"Document actors, timing, place, sequence, objects, words and participant meaning for hospitality.","Who does what, when, where, how, with which objects/words, and what does it mean to participants?",candidate,field_verification_required,,1,active
IND-000351,DOM-11,DOM-11-S11,variation_change,"Document site, kili, gender, generation and historical variation in hospitality.","How does it vary across sites or groups, and how has it changed over time?",candidate,field_verification_required,,1,active
IND-000352,DOM-12,DOM-12-S01,presence_form,"Document the presence, local name and form of clothing.","What is it, what is it called locally, and what form does it take?",candidate,field_verification_required,,1,active
IND-000353,DOM-12,DOM-12-S01,process_meaning,"Document actors, timing, place, sequence, objects, words and participant meaning for clothing.","Who does what, when, where, how, with which objects/words, and what does it mean to participants?",candidate,field_verification_required,,1,active
IND-000354,DOM-12,DOM-12-S01,variation_change,"Document site, kili, gender, generation and historical variation in clothing.","How does it vary across sites or groups, and how has it changed over time?",candidate,field_verification_required,,1,active
IND-000355,DOM-12,DOM-12-S02,presence_form,"Document the presence, local name and form of ornaments.","What is it, what is it called locally, and what form does it take?",candidate,field_verification_required,,1,active
IND-000356,DOM-12,DOM-12-S02,process_meaning,"Document actors, timing, place, sequence, objects, words and participant meaning for ornaments.","Who does what, when, where, how, with which objects/words, and what does it mean to participants?",candidate,field_verification_required,,1,active
IND-000357,DOM-12,DOM-12-S02,variation_change,"Document site, kili, gender, generation and historical variation in ornaments.","How does it vary across sites or groups, and how has it changed over time?",candidate,field_verification_required,,1,active
IND-000358,DOM-12,DOM-12-S03,presence_form,"Document the presence, local name and form of hair.","What is it, what is it called locally, and what form does it take?",candidate,field_verification_required,,1,active
IND-000359,DOM-12,DOM-12-S03,process_meaning,"Document actors, timing, place, sequence, objects, words and participant meaning for hair.","Who does what, when, where, how, with which objects/words, and what does it mean to participants?",candidate,field_verification_required,,1,active
IND-000360,DOM-12,DOM-12-S03,variation_change,"Document site, kili, gender, generation and historical variation in hair.","How does it vary across sites or groups, and how has it changed over time?",candidate,field_verification_required,,1,active
IND-000361,DOM-12,DOM-12-S04,presence_form,"Document the presence, local name and form of body adornment.","What is it, what is it called locally, and what form does it take?",candidate,field_verification_required,,1,active
IND-000362,DOM-12,DOM-12-S04,process_meaning,"Document actors, timing, place, sequence, objects, words and participant meaning for body adornment.","Who does what, when, where, how, with which objects/words, and what does it mean to participants?",candidate,field_verification_required,,1,active
IND-000363,DOM-12,DOM-12-S04,variation_change,"Document site, kili, gender, generation and historical variation in body adornment.","How does it vary across sites or groups, and how has it changed over time?",candidate,field_verification_required,,1,active
IND-000364,DOM-12,DOM-12-S05,presence_form,"Document the presence, local name and form of ceremonial dress.","What is it, what is it called locally, and what form does it take?",candidate,field_verification_required,,1,active
IND-000365,DOM-12,DOM-12-S05,process_meaning,"Document actors, timing, place, sequence, objects, words and participant meaning for ceremonial dress.","Who does what, when, where, how, with which objects/words, and what does it mean to participants?",candidate,field_verification_required,,1,active
IND-000366,DOM-12,DOM-12-S05,variation_change,"Document site, kili, gender, generation and historical variation in ceremonial dress.","How does it vary across sites or groups, and how has it changed over time?",candidate,field_verification_required,,1,active
IND-000367,DOM-12,DOM-12-S06,presence_form,"Document the presence, local name and form of gender/age dress.","What is it, what is it called locally, and what form does it take?",candidate,field_verification_required,,1,active
IND-000368,DOM-12,DOM-12-S06,process_meaning,"Document actors, timing, place, sequence, objects, words and participant meaning for gender/age dress.","Who does what, when, where, how, with which objects/words, and what does it mean to participants?",candidate,field_verification_required,,1,active
IND-000369,DOM-12,DOM-12-S06,variation_change,"Document site, kili, gender, generation and historical variation in gender/age dress.","How does it vary across sites or groups, and how has it changed over time?",candidate,field_verification_required,,1,active
IND-000370,DOM-12,DOM-12-S07,presence_form,"Document the presence, local name and form of manufacture.","What is it, what is it called locally, and what form does it take?",candidate,field_verification_required,,1,active
IND-000371,DOM-12,DOM-12-S07,process_meaning,"Document actors, timing, place, sequence, objects, words and participant meaning for manufacture.","Who does what, when, where, how, with which objects/words, and what does it mean to participants?",candidate,field_verification_required,,1,active
IND-000372,DOM-12,DOM-12-S07,variation_change,"Document site, kili, gender, generation and historical variation in manufacture.","How does it vary across sites or groups, and how has it changed over time?",candidate,field_verification_required,,1,active
IND-000373,DOM-12,DOM-12-S08,presence_form,"Document the presence, local name and form of historical change.","What is it, what is it called locally, and what form does it take?",candidate,field_verification_required,,1,active
IND-000374,DOM-12,DOM-12-S08,process_meaning,"Document actors, timing, place, sequence, objects, words and participant meaning for historical change.","Who does what, when, where, how, with which objects/words, and what does it mean to participants?",candidate,field_verification_required,,1,active
IND-000375,DOM-12,DOM-12-S08,variation_change,"Document site, kili, gender, generation and historical variation in historical change.","How does it vary across sites or groups, and how has it changed over time?",candidate,field_verification_required,,1,active
IND-000376,DOM-13,DOM-13-S01,presence_form,"Document the presence, local name and form of house form.","What is it, what is it called locally, and what form does it take?",candidate,field_verification_required,,1,active
IND-000377,DOM-13,DOM-13-S01,process_meaning,"Document actors, timing, place, sequence, objects, words and participant meaning for house form.","Who does what, when, where, how, with which objects/words, and what does it mean to participants?",candidate,field_verification_required,,1,active
IND-000378,DOM-13,DOM-13-S01,variation_change,"Document site, kili, gender, generation and historical variation in house form.","How does it vary across sites or groups, and how has it changed over time?",candidate,field_verification_required,,1,active
IND-000379,DOM-13,DOM-13-S02,presence_form,"Document the presence, local name and form of settlement form.","What is it, what is it called locally, and what form does it take?",candidate,field_verification_required,,1,active
IND-000380,DOM-13,DOM-13-S02,process_meaning,"Document actors, timing, place, sequence, objects, words and participant meaning for settlement form.","Who does what, when, where, how, with which objects/words, and what does it mean to participants?",candidate,field_verification_required,,1,active
IND-000381,DOM-13,DOM-13-S02,variation_change,"Document site, kili, gender, generation and historical variation in settlement form.","How does it vary across sites or groups, and how has it changed over time?",candidate,field_verification_required,,1,active
IND-000382,DOM-13,DOM-13-S03,presence_form,"Document the presence, local name and form of household space.","What is it, what is it called locally, and what form does it take?",candidate,field_verification_required,,1,active
IND-000383,DOM-13,DOM-13-S03,process_meaning,"Document actors, timing, place, sequence, objects, words and participant meaning for household space.","Who does what, when, where, how, with which objects/words, and what does it mean to participants?",candidate,field_verification_required,,1,active
IND-000384,DOM-13,DOM-13-S03,variation_change,"Document site, kili, gender, generation and historical variation in household space.","How does it vary across sites or groups, and how has it changed over time?",candidate,field_verification_required,,1,active
IND-000385,DOM-13,DOM-13-S04,presence_form,"Document the presence, local name and form of ritual space.","What is it, what is it called locally, and what form does it take?",candidate,field_verification_required,,1,active
IND-000386,DOM-13,DOM-13-S04,process_meaning,"Document actors, timing, place, sequence, objects, words and participant meaning for ritual space.","Who does what, when, where, how, with which objects/words, and what does it mean to participants?",candidate,field_verification_required,,1,active
IND-000387,DOM-13,DOM-13-S04,variation_change,"Document site, kili, gender, generation and historical variation in ritual space.","How does it vary across sites or groups, and how has it changed over time?",candidate,field_verification_required,,1,active
IND-000388,DOM-13,DOM-13-S05,presence_form,"Document the presence, local name and form of cultural objects.","What is it, what is it called locally, and what form does it take?",candidate,field_verification_required,,1,active
IND-000389,DOM-13,DOM-13-S05,process_meaning,"Document actors, timing, place, sequence, objects, words and participant meaning for cultural objects.","Who does what, when, where, how, with which objects/words, and what does it mean to participants?",candidate,field_verification_required,,1,active
IND-000390,DOM-13,DOM-13-S05,variation_change,"Document site, kili, gender, generation and historical variation in cultural objects.","How does it vary across sites or groups, and how has it changed over time?",candidate,field_verification_required,,1,active
IND-000391,DOM-13,DOM-13-S06,presence_form,"Document the presence, local name and form of tools.","What is it, what is it called locally, and what form does it take?",candidate,field_verification_required,,1,active
IND-000392,DOM-13,DOM-13-S06,process_meaning,"Document actors, timing, place, sequence, objects, words and participant meaning for tools.","Who does what, when, where, how, with which objects/words, and what does it mean to participants?",candidate,field_verification_required,,1,active
IND-000393,DOM-13,DOM-13-S06,variation_change,"Document site, kili, gender, generation and historical variation in tools.","How does it vary across sites or groups, and how has it changed over time?",candidate,field_verification_required,,1,active
IND-000394,DOM-13,DOM-13-S07,presence_form,"Document the presence, local name and form of vessels.","What is it, what is it called locally, and what form does it take?",candidate,field_verification_required,,1,active
IND-000395,DOM-13,DOM-13-S07,process_meaning,"Document actors, timing, place, sequence, objects, words and participant meaning for vessels.","Who does what, when, where, how, with which objects/words, and what does it mean to participants?",candidate,field_verification_required,,1,active
IND-000396,DOM-13,DOM-13-S07,variation_change,"Document site, kili, gender, generation and historical variation in vessels.","How does it vary across sites or groups, and how has it changed over time?",candidate,field_verification_required,,1,active
IND-000397,DOM-13,DOM-13-S08,presence_form,"Document the presence, local name and form of crafts.","What is it, what is it called locally, and what form does it take?",candidate,field_verification_required,,1,active
IND-000398,DOM-13,DOM-13-S08,process_meaning,"Document actors, timing, place, sequence, objects, words and participant meaning for crafts.","Who does what, when, where, how, with which objects/words, and what does it mean to participants?",candidate,field_verification_required,,1,active
IND-000399,DOM-13,DOM-13-S08,variation_change,"Document site, kili, gender, generation and historical variation in crafts.","How does it vary across sites or groups, and how has it changed over time?",candidate,field_verification_required,,1,active
IND-000400,DOM-13,DOM-13-S09,presence_form,"Document the presence, local name and form of agricultural objects.","What is it, what is it called locally, and what form does it take?",candidate,field_verification_required,,1,active
IND-000401,DOM-13,DOM-13-S09,process_meaning,"Document actors, timing, place, sequence, objects, words and participant meaning for agricultural objects.","Who does what, when, where, how, with which objects/words, and what does it mean to participants?",candidate,field_verification_required,,1,active
IND-000402,DOM-13,DOM-13-S09,variation_change,"Document site, kili, gender, generation and historical variation in agricultural objects.","How does it vary across sites or groups, and how has it changed over time?",candidate,field_verification_required,,1,active
IND-000403,DOM-13,DOM-13-S10,presence_form,"Document the presence, local name and form of ritual objects.","What is it, what is it called locally, and what form does it take?",candidate,field_verification_required,,1,active
IND-000404,DOM-13,DOM-13-S10,process_meaning,"Document actors, timing, place, sequence, objects, words and participant meaning for ritual objects.","Who does what, when, where, how, with which objects/words, and what does it mean to participants?",candidate,field_verification_required,,1,active
IND-000405,DOM-13,DOM-13-S10,variation_change,"Document site, kili, gender, generation and historical variation in ritual objects.","How does it vary across sites or groups, and how has it changed over time?",candidate,field_verification_required,,1,active
IND-000406,DOM-13,DOM-13-S11,presence_form,"Document the presence, local name and form of object manufacture.","What is it, what is it called locally, and what form does it take?",candidate,field_verification_required,,1,active
IND-000407,DOM-13,DOM-13-S11,process_meaning,"Document actors, timing, place, sequence, objects, words and participant meaning for object manufacture.","Who does what, when, where, how, with which objects/words, and what does it mean to participants?",candidate,field_verification_required,,1,active
IND-000408,DOM-13,DOM-13-S11,variation_change,"Document site, kili, gender, generation and historical variation in object manufacture.","How does it vary across sites or groups, and how has it changed over time?",candidate,field_verification_required,,1,active
IND-000409,DOM-13,DOM-13-S12,presence_form,"Document the presence, local name and form of disappearing objects.","What is it, what is it called locally, and what form does it take?",candidate,field_verification_required,,1,active
IND-000410,DOM-13,DOM-13-S12,process_meaning,"Document actors, timing, place, sequence, objects, words and participant meaning for disappearing objects.","Who does what, when, where, how, with which objects/words, and what does it mean to participants?",candidate,field_verification_required,,1,active
IND-000411,DOM-13,DOM-13-S12,variation_change,"Document site, kili, gender, generation and historical variation in disappearing objects.","How does it vary across sites or groups, and how has it changed over time?",candidate,field_verification_required,,1,active
IND-000412,DOM-14,DOM-14-S01,presence_form,"Document the presence, local name and form of mundari term.","What is it, what is it called locally, and what form does it take?",candidate,field_verification_required,,1,active
IND-000413,DOM-14,DOM-14-S01,process_meaning,"Document actors, timing, place, sequence, objects, words and participant meaning for mundari term.","Who does what, when, where, how, with which objects/words, and what does it mean to participants?",candidate,field_verification_required,,1,active
IND-000414,DOM-14,DOM-14-S01,variation_change,"Document site, kili, gender, generation and historical variation in mundari term.","How does it vary across sites or groups, and how has it changed over time?",candidate,field_verification_required,,1,active
IND-000415,DOM-14,DOM-14-S02,presence_form,"Document the presence, local name and form of alternate spelling.","What is it, what is it called locally, and what form does it take?",candidate,field_verification_required,,1,active
IND-000416,DOM-14,DOM-14-S02,process_meaning,"Document actors, timing, place, sequence, objects, words and participant meaning for alternate spelling.","Who does what, when, where, how, with which objects/words, and what does it mean to participants?",candidate,field_verification_required,,1,active
IND-000417,DOM-14,DOM-14-S02,variation_change,"Document site, kili, gender, generation and historical variation in alternate spelling.","How does it vary across sites or groups, and how has it changed over time?",candidate,field_verification_required,,1,active
IND-000418,DOM-14,DOM-14-S03,presence_form,"Document the presence, local name and form of pronunciation.","What is it, what is it called locally, and what form does it take?",candidate,field_verification_required,,1,active
IND-000419,DOM-14,DOM-14-S03,process_meaning,"Document actors, timing, place, sequence, objects, words and participant meaning for pronunciation.","Who does what, when, where, how, with which objects/words, and what does it mean to participants?",candidate,field_verification_required,,1,active
IND-000420,DOM-14,DOM-14-S03,variation_change,"Document site, kili, gender, generation and historical variation in pronunciation.","How does it vary across sites or groups, and how has it changed over time?",candidate,field_verification_required,,1,active
IND-000421,DOM-14,DOM-14-S04,presence_form,"Document the presence, local name and form of hindi translation.","What is it, what is it called locally, and what form does it take?",candidate,field_verification_required,,1,active
IND-000422,DOM-14,DOM-14-S04,process_meaning,"Document actors, timing, place, sequence, objects, words and participant meaning for hindi translation.","Who does what, when, where, how, with which objects/words, and what does it mean to participants?",candidate,field_verification_required,,1,active
IND-000423,DOM-14,DOM-14-S04,variation_change,"Document site, kili, gender, generation and historical variation in hindi translation.","How does it vary across sites or groups, and how has it changed over time?",candidate,field_verification_required,,1,active
IND-000424,DOM-14,DOM-14-S05,presence_form,"Document the presence, local name and form of english translation.","What is it, what is it called locally, and what form does it take?",candidate,field_verification_required,,1,active
IND-000425,DOM-14,DOM-14-S05,process_meaning,"Document actors, timing, place, sequence, objects, words and participant meaning for english translation.","Who does what, when, where, how, with which objects/words, and what does it mean to participants?",candidate,field_verification_required,,1,active
IND-000426,DOM-14,DOM-14-S05,variation_change,"Document site, kili, gender, generation and historical variation in english translation.","How does it vary across sites or groups, and how has it changed over time?",candidate,field_verification_required,,1,active
IND-000427,DOM-14,DOM-14-S06,presence_form,"Document the presence, local name and form of cultural meaning.","What is it, what is it called locally, and what form does it take?",candidate,field_verification_required,,1,active
IND-000428,DOM-14,DOM-14-S06,process_meaning,"Document actors, timing, place, sequence, objects, words and participant meaning for cultural meaning.","Who does what, when, where, how, with which objects/words, and what does it mean to participants?",candidate,field_verification_required,,1,active
IND-000429,DOM-14,DOM-14-S06,variation_change,"Document site, kili, gender, generation and historical variation in cultural meaning.","How does it vary across sites or groups, and how has it changed over time?",candidate,field_verification_required,,1,active
IND-000430,DOM-14,DOM-14-S07,presence_form,"Document the presence, local name and form of kin term.","What is it, what is it called locally, and what form does it take?",candidate,field_verification_required,,1,active
IND-000431,DOM-14,DOM-14-S07,process_meaning,"Document actors, timing, place, sequence, objects, words and participant meaning for kin term.","Who does what, when, where, how, with which objects/words, and what does it mean to participants?",candidate,field_verification_required,,1,active
IND-000432,DOM-14,DOM-14-S07,variation_change,"Document site, kili, gender, generation and historical variation in kin term.","How does it vary across sites or groups, and how has it changed over time?",candidate,field_verification_required,,1,active
IND-000433,DOM-14,DOM-14-S08,presence_form,"Document the presence, local name and form of ritual term.","What is it, what is it called locally, and what form does it take?",candidate,field_verification_required,,1,active
IND-000434,DOM-14,DOM-14-S08,process_meaning,"Document actors, timing, place, sequence, objects, words and participant meaning for ritual term.","Who does what, when, where, how, with which objects/words, and what does it mean to participants?",candidate,field_verification_required,,1,active
IND-000435,DOM-14,DOM-14-S08,variation_change,"Document site, kili, gender, generation and historical variation in ritual term.","How does it vary across sites or groups, and how has it changed over time?",candidate,field_verification_required,,1,active
IND-000436,DOM-14,DOM-14-S09,presence_form,"Document the presence, local name and form of object term.","What is it, what is it called locally, and what form does it take?",candidate,field_verification_required,,1,active
IND-000437,DOM-14,DOM-14-S09,process_meaning,"Document actors, timing, place, sequence, objects, words and participant meaning for object term.","Who does what, when, where, how, with which objects/words, and what does it mean to participants?",candidate,field_verification_required,,1,active
IND-000438,DOM-14,DOM-14-S09,variation_change,"Document site, kili, gender, generation and historical variation in object term.","How does it vary across sites or groups, and how has it changed over time?",candidate,field_verification_required,,1,active
IND-000439,DOM-14,DOM-14-S10,presence_form,"Document the presence, local name and form of life-cycle term.","What is it, what is it called locally, and what form does it take?",candidate,field_verification_required,,1,active
IND-000440,DOM-14,DOM-14-S10,process_meaning,"Document actors, timing, place, sequence, objects, words and participant meaning for life-cycle term.","Who does what, when, where, how, with which objects/words, and what does it mean to participants?",candidate,field_verification_required,,1,active
IND-000441,DOM-14,DOM-14-S10,variation_change,"Document site, kili, gender, generation and historical variation in life-cycle term.","How does it vary across sites or groups, and how has it changed over time?",candidate,field_verification_required,,1,active
IND-000442,DOM-14,DOM-14-S11,presence_form,"Document the presence, local name and form of regional variant.","What is it, what is it called locally, and what form does it take?",candidate,field_verification_required,,1,active
IND-000443,DOM-14,DOM-14-S11,process_meaning,"Document actors, timing, place, sequence, objects, words and participant meaning for regional variant.","Who does what, when, where, how, with which objects/words, and what does it mean to participants?",candidate,field_verification_required,,1,active
IND-000444,DOM-14,DOM-14-S11,variation_change,"Document site, kili, gender, generation and historical variation in regional variant.","How does it vary across sites or groups, and how has it changed over time?",candidate,field_verification_required,,1,active
IND-000445,DOM-15,DOM-15-S01,presence_form,"Document the presence, local name and form of songs.","What is it, what is it called locally, and what form does it take?",candidate,field_verification_required,,1,active
IND-000446,DOM-15,DOM-15-S01,process_meaning,"Document actors, timing, place, sequence, objects, words and participant meaning for songs.","Who does what, when, where, how, with which objects/words, and what does it mean to participants?",candidate,field_verification_required,,1,active
IND-000447,DOM-15,DOM-15-S01,variation_change,"Document site, kili, gender, generation and historical variation in songs.","How does it vary across sites or groups, and how has it changed over time?",candidate,field_verification_required,,1,active
IND-000448,DOM-15,DOM-15-S02,presence_form,"Document the presence, local name and form of ritual songs.","What is it, what is it called locally, and what form does it take?",candidate,field_verification_required,,1,active
IND-000449,DOM-15,DOM-15-S02,process_meaning,"Document actors, timing, place, sequence, objects, words and participant meaning for ritual songs.","Who does what, when, where, how, with which objects/words, and what does it mean to participants?",candidate,field_verification_required,,1,active
IND-000450,DOM-15,DOM-15-S02,variation_change,"Document site, kili, gender, generation and historical variation in ritual songs.","How does it vary across sites or groups, and how has it changed over time?",candidate,field_verification_required,,1,active
IND-000451,DOM-15,DOM-15-S03,presence_form,"Document the presence, local name and form of marriage songs.","What is it, what is it called locally, and what form does it take?",candidate,field_verification_required,,1,active
IND-000452,DOM-15,DOM-15-S03,process_meaning,"Document actors, timing, place, sequence, objects, words and participant meaning for marriage songs.","Who does what, when, where, how, with which objects/words, and what does it mean to participants?",candidate,field_verification_required,,1,active
IND-000453,DOM-15,DOM-15-S03,variation_change,"Document site, kili, gender, generation and historical variation in marriage songs.","How does it vary across sites or groups, and how has it changed over time?",candidate,field_verification_required,,1,active
IND-000454,DOM-15,DOM-15-S04,presence_form,"Document the presence, local name and form of funeral laments.","What is it, what is it called locally, and what form does it take?",candidate,field_verification_required,,1,active
IND-000455,DOM-15,DOM-15-S04,process_meaning,"Document actors, timing, place, sequence, objects, words and participant meaning for funeral laments.","Who does what, when, where, how, with which objects/words, and what does it mean to participants?",candidate,field_verification_required,,1,active
IND-000456,DOM-15,DOM-15-S04,variation_change,"Document site, kili, gender, generation and historical variation in funeral laments.","How does it vary across sites or groups, and how has it changed over time?",candidate,field_verification_required,,1,active
IND-000457,DOM-15,DOM-15-S05,presence_form,"Document the presence, local name and form of prayers.","What is it, what is it called locally, and what form does it take?",candidate,field_verification_required,,1,active
IND-000458,DOM-15,DOM-15-S05,process_meaning,"Document actors, timing, place, sequence, objects, words and participant meaning for prayers.","Who does what, when, where, how, with which objects/words, and what does it mean to participants?",candidate,field_verification_required,,1,active
IND-000459,DOM-15,DOM-15-S05,variation_change,"Document site, kili, gender, generation and historical variation in prayers.","How does it vary across sites or groups, and how has it changed over time?",candidate,field_verification_required,,1,active
IND-000460,DOM-15,DOM-15-S06,presence_form,"Document the presence, local name and form of blessings.","What is it, what is it called locally, and what form does it take?",candidate,field_verification_required,,1,active
IND-000461,DOM-15,DOM-15-S06,process_meaning,"Document actors, timing, place, sequence, objects, words and participant meaning for blessings.","Who does what, when, where, how, with which objects/words, and what does it mean to participants?",candidate,field_verification_required,,1,active
IND-000462,DOM-15,DOM-15-S06,variation_change,"Document site, kili, gender, generation and historical variation in blessings.","How does it vary across sites or groups, and how has it changed over time?",candidate,field_verification_required,,1,active
IND-000463,DOM-15,DOM-15-S07,presence_form,"Document the presence, local name and form of proverbs.","What is it, what is it called locally, and what form does it take?",candidate,field_verification_required,,1,active
IND-000464,DOM-15,DOM-15-S07,process_meaning,"Document actors, timing, place, sequence, objects, words and participant meaning for proverbs.","Who does what, when, where, how, with which objects/words, and what does it mean to participants?",candidate,field_verification_required,,1,active
IND-000465,DOM-15,DOM-15-S07,variation_change,"Document site, kili, gender, generation and historical variation in proverbs.","How does it vary across sites or groups, and how has it changed over time?",candidate,field_verification_required,,1,active
IND-000466,DOM-15,DOM-15-S08,presence_form,"Document the presence, local name and form of stories.","What is it, what is it called locally, and what form does it take?",candidate,field_verification_required,,1,active
IND-000467,DOM-15,DOM-15-S08,process_meaning,"Document actors, timing, place, sequence, objects, words and participant meaning for stories.","Who does what, when, where, how, with which objects/words, and what does it mean to participants?",candidate,field_verification_required,,1,active
IND-000468,DOM-15,DOM-15-S08,variation_change,"Document site, kili, gender, generation and historical variation in stories.","How does it vary across sites or groups, and how has it changed over time?",candidate,field_verification_required,,1,active
IND-000469,DOM-15,DOM-15-S09,presence_form,"Document the presence, local name and form of myths.","What is it, what is it called locally, and what form does it take?",candidate,field_verification_required,,1,active
IND-000470,DOM-15,DOM-15-S09,process_meaning,"Document actors, timing, place, sequence, objects, words and participant meaning for myths.","Who does what, when, where, how, with which objects/words, and what does it mean to participants?",candidate,field_verification_required,,1,active
IND-000471,DOM-15,DOM-15-S09,variation_change,"Document site, kili, gender, generation and historical variation in myths.","How does it vary across sites or groups, and how has it changed over time?",candidate,field_verification_required,,1,active
IND-000472,DOM-15,DOM-15-S10,presence_form,"Document the presence, local name and form of oral histories.","What is it, what is it called locally, and what form does it take?",candidate,field_verification_required,,1,active
IND-000473,DOM-15,DOM-15-S10,process_meaning,"Document actors, timing, place, sequence, objects, words and participant meaning for oral histories.","Who does what, when, where, how, with which objects/words, and what does it mean to participants?",candidate,field_verification_required,,1,active
IND-000474,DOM-15,DOM-15-S10,variation_change,"Document site, kili, gender, generation and historical variation in oral histories.","How does it vary across sites or groups, and how has it changed over time?",candidate,field_verification_required,,1,active
IND-000475,DOM-15,DOM-15-S11,presence_form,"Document the presence, local name and form of ritual utterances.","What is it, what is it called locally, and what form does it take?",candidate,field_verification_required,,1,active
IND-000476,DOM-15,DOM-15-S11,process_meaning,"Document actors, timing, place, sequence, objects, words and participant meaning for ritual utterances.","Who does what, when, where, how, with which objects/words, and what does it mean to participants?",candidate,field_verification_required,,1,active
IND-000477,DOM-15,DOM-15-S11,variation_change,"Document site, kili, gender, generation and historical variation in ritual utterances.","How does it vary across sites or groups, and how has it changed over time?",candidate,field_verification_required,,1,active
IND-000478,DOM-15,DOM-15-S12,presence_form,"Document the presence, local name and form of narratives.","What is it, what is it called locally, and what form does it take?",candidate,field_verification_required,,1,active
IND-000479,DOM-15,DOM-15-S12,process_meaning,"Document actors, timing, place, sequence, objects, words and participant meaning for narratives.","Who does what, when, where, how, with which objects/words, and what does it mean to participants?",candidate,field_verification_required,,1,active
IND-000480,DOM-15,DOM-15-S12,variation_change,"Document site, kili, gender, generation and historical variation in narratives.","How does it vary across sites or groups, and how has it changed over time?",candidate,field_verification_required,,1,active
IND-000481,DOM-16,DOM-16-S01,presence_form,"Document the presence, local name and form of dance.","What is it, what is it called locally, and what form does it take?",candidate,field_verification_required,,1,active
IND-000482,DOM-16,DOM-16-S01,process_meaning,"Document actors, timing, place, sequence, objects, words and participant meaning for dance.","Who does what, when, where, how, with which objects/words, and what does it mean to participants?",candidate,field_verification_required,,1,active
IND-000483,DOM-16,DOM-16-S01,variation_change,"Document site, kili, gender, generation and historical variation in dance.","How does it vary across sites or groups, and how has it changed over time?",candidate,field_verification_required,,1,active
IND-000484,DOM-16,DOM-16-S02,presence_form,"Document the presence, local name and form of dance context.","What is it, what is it called locally, and what form does it take?",candidate,field_verification_required,,1,active
IND-000485,DOM-16,DOM-16-S02,process_meaning,"Document actors, timing, place, sequence, objects, words and participant meaning for dance context.","Who does what, when, where, how, with which objects/words, and what does it mean to participants?",candidate,field_verification_required,,1,active
IND-000486,DOM-16,DOM-16-S02,variation_change,"Document site, kili, gender, generation and historical variation in dance context.","How does it vary across sites or groups, and how has it changed over time?",candidate,field_verification_required,,1,active
IND-000487,DOM-16,DOM-16-S03,presence_form,"Document the presence, local name and form of song performance.","What is it, what is it called locally, and what form does it take?",candidate,field_verification_required,,1,active
IND-000488,DOM-16,DOM-16-S03,process_meaning,"Document actors, timing, place, sequence, objects, words and participant meaning for song performance.","Who does what, when, where, how, with which objects/words, and what does it mean to participants?",candidate,field_verification_required,,1,active
IND-000489,DOM-16,DOM-16-S03,variation_change,"Document site, kili, gender, generation and historical variation in song performance.","How does it vary across sites or groups, and how has it changed over time?",candidate,field_verification_required,,1,active
IND-000490,DOM-16,DOM-16-S04,presence_form,"Document the presence, local name and form of instrument.","What is it, what is it called locally, and what form does it take?",candidate,field_verification_required,,1,active
IND-000491,DOM-16,DOM-16-S04,process_meaning,"Document actors, timing, place, sequence, objects, words and participant meaning for instrument.","Who does what, when, where, how, with which objects/words, and what does it mean to participants?",candidate,field_verification_required,,1,active
IND-000492,DOM-16,DOM-16-S04,variation_change,"Document site, kili, gender, generation and historical variation in instrument.","How does it vary across sites or groups, and how has it changed over time?",candidate,field_verification_required,,1,active
IND-000493,DOM-16,DOM-16-S05,presence_form,"Document the presence, local name and form of performer.","What is it, what is it called locally, and what form does it take?",candidate,field_verification_required,,1,active
IND-000494,DOM-16,DOM-16-S05,process_meaning,"Document actors, timing, place, sequence, objects, words and participant meaning for performer.","Who does what, when, where, how, with which objects/words, and what does it mean to participants?",candidate,field_verification_required,,1,active
IND-000495,DOM-16,DOM-16-S05,variation_change,"Document site, kili, gender, generation and historical variation in performer.","How does it vary across sites or groups, and how has it changed over time?",candidate,field_verification_required,,1,active
IND-000496,DOM-16,DOM-16-S06,presence_form,"Document the presence, local name and form of rhythm.","What is it, what is it called locally, and what form does it take?",candidate,field_verification_required,,1,active
IND-000497,DOM-16,DOM-16-S06,process_meaning,"Document actors, timing, place, sequence, objects, words and participant meaning for rhythm.","Who does what, when, where, how, with which objects/words, and what does it mean to participants?",candidate,field_verification_required,,1,active
IND-000498,DOM-16,DOM-16-S06,variation_change,"Document site, kili, gender, generation and historical variation in rhythm.","How does it vary across sites or groups, and how has it changed over time?",candidate,field_verification_required,,1,active
IND-000499,DOM-16,DOM-16-S07,presence_form,"Document the presence, local name and form of festival performance.","What is it, what is it called locally, and what form does it take?",candidate,field_verification_required,,1,active
IND-000500,DOM-16,DOM-16-S07,process_meaning,"Document actors, timing, place, sequence, objects, words and participant meaning for festival performance.","Who does what, when, where, how, with which objects/words, and what does it mean to participants?",candidate,field_verification_required,,1,active
IND-000501,DOM-16,DOM-16-S07,variation_change,"Document site, kili, gender, generation and historical variation in festival performance.","How does it vary across sites or groups, and how has it changed over time?",candidate,field_verification_required,,1,active
IND-000502,DOM-16,DOM-16-S08,presence_form,"Document the presence, local name and form of marriage performance.","What is it, what is it called locally, and what form does it take?",candidate,field_verification_required,,1,active
IND-000503,DOM-16,DOM-16-S08,process_meaning,"Document actors, timing, place, sequence, objects, words and participant meaning for marriage performance.","Who does what, when, where, how, with which objects/words, and what does it mean to participants?",candidate,field_verification_required,,1,active
IND-000504,DOM-16,DOM-16-S08,variation_change,"Document site, kili, gender, generation and historical variation in marriage performance.","How does it vary across sites or groups, and how has it changed over time?",candidate,field_verification_required,,1,active
IND-000505,DOM-16,DOM-16-S09,presence_form,"Document the presence, local name and form of death performance.","What is it, what is it called locally, and what form does it take?",candidate,field_verification_required,,1,active
IND-000506,DOM-16,DOM-16-S09,process_meaning,"Document actors, timing, place, sequence, objects, words and participant meaning for death performance.","Who does what, when, where, how, with which objects/words, and what does it mean to participants?",candidate,field_verification_required,,1,active
IND-000507,DOM-16,DOM-16-S09,variation_change,"Document site, kili, gender, generation and historical variation in death performance.","How does it vary across sites or groups, and how has it changed over time?",candidate,field_verification_required,,1,active
IND-000508,DOM-16,DOM-16-S10,presence_form,"Document the presence, local name and form of performance change.","What is it, what is it called locally, and what form does it take?",candidate,field_verification_required,,1,active
IND-000509,DOM-16,DOM-16-S10,process_meaning,"Document actors, timing, place, sequence, objects, words and participant meaning for performance change.","Who does what, when, where, how, with which objects/words, and what does it mean to participants?",candidate,field_verification_required,,1,active
IND-000510,DOM-16,DOM-16-S10,variation_change,"Document site, kili, gender, generation and historical variation in performance change.","How does it vary across sites or groups, and how has it changed over time?",candidate,field_verification_required,,1,active
IND-000511,DOM-17,DOM-17-S01,presence_form,"Document the presence, local name and form of traditional authority.","What is it, what is it called locally, and what form does it take?",candidate,field_verification_required,,1,active
IND-000512,DOM-17,DOM-17-S01,process_meaning,"Document actors, timing, place, sequence, objects, words and participant meaning for traditional authority.","Who does what, when, where, how, with which objects/words, and what does it mean to participants?",candidate,field_verification_required,,1,active
IND-000513,DOM-17,DOM-17-S01,variation_change,"Document site, kili, gender, generation and historical variation in traditional authority.","How does it vary across sites or groups, and how has it changed over time?",candidate,field_verification_required,,1,active
IND-000514,DOM-17,DOM-17-S02,presence_form,"Document the presence, local name and form of village roles.","What is it, what is it called locally, and what form does it take?",candidate,field_verification_required,,1,active
IND-000515,DOM-17,DOM-17-S02,process_meaning,"Document actors, timing, place, sequence, objects, words and participant meaning for village roles.","Who does what, when, where, how, with which objects/words, and what does it mean to participants?",candidate,field_verification_required,,1,active
IND-000516,DOM-17,DOM-17-S02,variation_change,"Document site, kili, gender, generation and historical variation in village roles.","How does it vary across sites or groups, and how has it changed over time?",candidate,field_verification_required,,1,active
IND-000517,DOM-17,DOM-17-S03,presence_form,"Document the presence, local name and form of customary rules.","What is it, what is it called locally, and what form does it take?",candidate,field_verification_required,,1,active
IND-000518,DOM-17,DOM-17-S03,process_meaning,"Document actors, timing, place, sequence, objects, words and participant meaning for customary rules.","Who does what, when, where, how, with which objects/words, and what does it mean to participants?",candidate,field_verification_required,,1,active
IND-000519,DOM-17,DOM-17-S03,variation_change,"Document site, kili, gender, generation and historical variation in customary rules.","How does it vary across sites or groups, and how has it changed over time?",candidate,field_verification_required,,1,active
IND-000520,DOM-17,DOM-17-S04,presence_form,"Document the presence, local name and form of dispute resolution.","What is it, what is it called locally, and what form does it take?",candidate,field_verification_required,,1,active
IND-000521,DOM-17,DOM-17-S04,process_meaning,"Document actors, timing, place, sequence, objects, words and participant meaning for dispute resolution.","Who does what, when, where, how, with which objects/words, and what does it mean to participants?",candidate,field_verification_required,,1,active
IND-000522,DOM-17,DOM-17-S04,variation_change,"Document site, kili, gender, generation and historical variation in dispute resolution.","How does it vary across sites or groups, and how has it changed over time?",candidate,field_verification_required,,1,active
IND-000523,DOM-17,DOM-17-S05,presence_form,"Document the presence, local name and form of collective decision.","What is it, what is it called locally, and what form does it take?",candidate,field_verification_required,,1,active
IND-000524,DOM-17,DOM-17-S05,process_meaning,"Document actors, timing, place, sequence, objects, words and participant meaning for collective decision.","Who does what, when, where, how, with which objects/words, and what does it mean to participants?",candidate,field_verification_required,,1,active
IND-000525,DOM-17,DOM-17-S05,variation_change,"Document site, kili, gender, generation and historical variation in collective decision.","How does it vary across sites or groups, and how has it changed over time?",candidate,field_verification_required,,1,active
IND-000526,DOM-17,DOM-17-S06,presence_form,"Document the presence, local name and form of community labour.","What is it, what is it called locally, and what form does it take?",candidate,field_verification_required,,1,active
IND-000527,DOM-17,DOM-17-S06,process_meaning,"Document actors, timing, place, sequence, objects, words and participant meaning for community labour.","Who does what, when, where, how, with which objects/words, and what does it mean to participants?",candidate,field_verification_required,,1,active
IND-000528,DOM-17,DOM-17-S06,variation_change,"Document site, kili, gender, generation and historical variation in community labour.","How does it vary across sites or groups, and how has it changed over time?",candidate,field_verification_required,,1,active
IND-000529,DOM-17,DOM-17-S07,presence_form,"Document the presence, local name and form of sanctions.","What is it, what is it called locally, and what form does it take?",candidate,field_verification_required,,1,active
IND-000530,DOM-17,DOM-17-S07,process_meaning,"Document actors, timing, place, sequence, objects, words and participant meaning for sanctions.","Who does what, when, where, how, with which objects/words, and what does it mean to participants?",candidate,field_verification_required,,1,active
IND-000531,DOM-17,DOM-17-S07,variation_change,"Document site, kili, gender, generation and historical variation in sanctions.","How does it vary across sites or groups, and how has it changed over time?",candidate,field_verification_required,,1,active
IND-000532,DOM-17,DOM-17-S08,presence_form,"Document the presence, local name and form of customary law.","What is it, what is it called locally, and what form does it take?",candidate,field_verification_required,,1,active
IND-000533,DOM-17,DOM-17-S08,process_meaning,"Document actors, timing, place, sequence, objects, words and participant meaning for customary law.","Who does what, when, where, how, with which objects/words, and what does it mean to participants?",candidate,field_verification_required,,1,active
IND-000534,DOM-17,DOM-17-S08,variation_change,"Document site, kili, gender, generation and historical variation in customary law.","How does it vary across sites or groups, and how has it changed over time?",candidate,field_verification_required,,1,active
IND-000535,DOM-17,DOM-17-S09,presence_form,"Document the presence, local name and form of institutional change.","What is it, what is it called locally, and what form does it take?",candidate,field_verification_required,,1,active
IND-000536,DOM-17,DOM-17-S09,process_meaning,"Document actors, timing, place, sequence, objects, words and participant meaning for institutional change.","Who does what, when, where, how, with which objects/words, and what does it mean to participants?",candidate,field_verification_required,,1,active
IND-000537,DOM-17,DOM-17-S09,variation_change,"Document site, kili, gender, generation and historical variation in institutional change.","How does it vary across sites or groups, and how has it changed over time?",candidate,field_verification_required,,1,active
IND-000538,DOM-18,DOM-18-S01,presence_form,"Document the presence, local name and form of illness concepts.","What is it, what is it called locally, and what form does it take?",candidate,field_verification_required,,1,active
IND-000539,DOM-18,DOM-18-S01,process_meaning,"Document actors, timing, place, sequence, objects, words and participant meaning for illness concepts.","Who does what, when, where, how, with which objects/words, and what does it mean to participants?",candidate,field_verification_required,,1,active
IND-000540,DOM-18,DOM-18-S01,variation_change,"Document site, kili, gender, generation and historical variation in illness concepts.","How does it vary across sites or groups, and how has it changed over time?",candidate,field_verification_required,,1,active
IND-000541,DOM-18,DOM-18-S02,presence_form,"Document the presence, local name and form of traditional healing.","What is it, what is it called locally, and what form does it take?",candidate,field_verification_required,,1,active
IND-000542,DOM-18,DOM-18-S02,process_meaning,"Document actors, timing, place, sequence, objects, words and participant meaning for traditional healing.","Who does what, when, where, how, with which objects/words, and what does it mean to participants?",candidate,field_verification_required,,1,active
IND-000543,DOM-18,DOM-18-S02,variation_change,"Document site, kili, gender, generation and historical variation in traditional healing.","How does it vary across sites or groups, and how has it changed over time?",candidate,field_verification_required,,1,active
IND-000544,DOM-18,DOM-18-S03,presence_form,"Document the presence, local name and form of medicinal plants.","What is it, what is it called locally, and what form does it take?",candidate,field_verification_required,,1,active
IND-000545,DOM-18,DOM-18-S03,process_meaning,"Document actors, timing, place, sequence, objects, words and participant meaning for medicinal plants.","Who does what, when, where, how, with which objects/words, and what does it mean to participants?",candidate,field_verification_required,,1,active
IND-000546,DOM-18,DOM-18-S03,variation_change,"Document site, kili, gender, generation and historical variation in medicinal plants.","How does it vary across sites or groups, and how has it changed over time?",candidate,field_verification_required,,1,active
IND-000547,DOM-18,DOM-18-S04,presence_form,"Document the presence, local name and form of healers.","What is it, what is it called locally, and what form does it take?",candidate,field_verification_required,,1,active
IND-000548,DOM-18,DOM-18-S04,process_meaning,"Document actors, timing, place, sequence, objects, words and participant meaning for healers.","Who does what, when, where, how, with which objects/words, and what does it mean to participants?",candidate,field_verification_required,,1,active
IND-000549,DOM-18,DOM-18-S04,variation_change,"Document site, kili, gender, generation and historical variation in healers.","How does it vary across sites or groups, and how has it changed over time?",candidate,field_verification_required,,1,active
IND-000550,DOM-18,DOM-18-S05,presence_form,"Document the presence, local name and form of protective practices.","What is it, what is it called locally, and what form does it take?",candidate,field_verification_required,,1,active
IND-000551,DOM-18,DOM-18-S05,process_meaning,"Document actors, timing, place, sequence, objects, words and participant meaning for protective practices.","Who does what, when, where, how, with which objects/words, and what does it mean to participants?",candidate,field_verification_required,,1,active
IND-000552,DOM-18,DOM-18-S05,variation_change,"Document site, kili, gender, generation and historical variation in protective practices.","How does it vary across sites or groups, and how has it changed over time?",candidate,field_verification_required,,1,active
IND-000553,DOM-18,DOM-18-S06,presence_form,"Document the presence, local name and form of birth health.","What is it, what is it called locally, and what form does it take?",candidate,field_verification_required,,1,active
IND-000554,DOM-18,DOM-18-S06,process_meaning,"Document actors, timing, place, sequence, objects, words and participant meaning for birth health.","Who does what, when, where, how, with which objects/words, and what does it mean to participants?",candidate,field_verification_required,,1,active
IND-000555,DOM-18,DOM-18-S06,variation_change,"Document site, kili, gender, generation and historical variation in birth health.","How does it vary across sites or groups, and how has it changed over time?",candidate,field_verification_required,,1,active
IND-000556,DOM-18,DOM-18-S07,presence_form,"Document the presence, local name and form of child health.","What is it, what is it called locally, and what form does it take?",candidate,field_verification_required,,1,active
IND-000557,DOM-18,DOM-18-S07,process_meaning,"Document actors, timing, place, sequence, objects, words and participant meaning for child health.","Who does what, when, where, how, with which objects/words, and what does it mean to participants?",candidate,field_verification_required,,1,active
IND-000558,DOM-18,DOM-18-S07,variation_change,"Document site, kili, gender, generation and historical variation in child health.","How does it vary across sites or groups, and how has it changed over time?",candidate,field_verification_required,,1,active
IND-000559,DOM-18,DOM-18-S08,presence_form,"Document the presence, local name and form of elder care.","What is it, what is it called locally, and what form does it take?",candidate,field_verification_required,,1,active
IND-000560,DOM-18,DOM-18-S08,process_meaning,"Document actors, timing, place, sequence, objects, words and participant meaning for elder care.","Who does what, when, where, how, with which objects/words, and what does it mean to participants?",candidate,field_verification_required,,1,active
IND-000561,DOM-18,DOM-18-S08,variation_change,"Document site, kili, gender, generation and historical variation in elder care.","How does it vary across sites or groups, and how has it changed over time?",candidate,field_verification_required,,1,active
IND-000562,DOM-18,DOM-18-S09,presence_form,"Document the presence, local name and form of traditional-modern interface.","What is it, what is it called locally, and what form does it take?",candidate,field_verification_required,,1,active
IND-000563,DOM-18,DOM-18-S09,process_meaning,"Document actors, timing, place, sequence, objects, words and participant meaning for traditional-modern interface.","Who does what, when, where, how, with which objects/words, and what does it mean to participants?",candidate,field_verification_required,,1,active
IND-000564,DOM-18,DOM-18-S09,variation_change,"Document site, kili, gender, generation and historical variation in traditional-modern interface.","How does it vary across sites or groups, and how has it changed over time?",candidate,field_verification_required,,1,active
IND-000565,DOM-19,DOM-19-S01,presence_form,"Document the presence, local name and form of elder roles.","What is it, what is it called locally, and what form does it take?",candidate,field_verification_required,,1,active
IND-000566,DOM-19,DOM-19-S01,process_meaning,"Document actors, timing, place, sequence, objects, words and participant meaning for elder roles.","Who does what, when, where, how, with which objects/words, and what does it mean to participants?",candidate,field_verification_required,,1,active
IND-000567,DOM-19,DOM-19-S01,variation_change,"Document site, kili, gender, generation and historical variation in elder roles.","How does it vary across sites or groups, and how has it changed over time?",candidate,field_verification_required,,1,active
IND-000568,DOM-19,DOM-19-S02,presence_form,"Document the presence, local name and form of elder authority.","What is it, what is it called locally, and what form does it take?",candidate,field_verification_required,,1,active
IND-000569,DOM-19,DOM-19-S02,process_meaning,"Document actors, timing, place, sequence, objects, words and participant meaning for elder authority.","Who does what, when, where, how, with which objects/words, and what does it mean to participants?",candidate,field_verification_required,,1,active
IND-000570,DOM-19,DOM-19-S02,variation_change,"Document site, kili, gender, generation and historical variation in elder authority.","How does it vary across sites or groups, and how has it changed over time?",candidate,field_verification_required,,1,active
IND-000571,DOM-19,DOM-19-S03,presence_form,"Document the presence, local name and form of ritual knowledge.","What is it, what is it called locally, and what form does it take?",candidate,field_verification_required,,1,active
IND-000572,DOM-19,DOM-19-S03,process_meaning,"Document actors, timing, place, sequence, objects, words and participant meaning for ritual knowledge.","Who does what, when, where, how, with which objects/words, and what does it mean to participants?",candidate,field_verification_required,,1,active
IND-000573,DOM-19,DOM-19-S03,variation_change,"Document site, kili, gender, generation and historical variation in ritual knowledge.","How does it vary across sites or groups, and how has it changed over time?",candidate,field_verification_required,,1,active
IND-000574,DOM-19,DOM-19-S04,presence_form,"Document the presence, local name and form of storytelling.","What is it, what is it called locally, and what form does it take?",candidate,field_verification_required,,1,active
IND-000575,DOM-19,DOM-19-S04,process_meaning,"Document actors, timing, place, sequence, objects, words and participant meaning for storytelling.","Who does what, when, where, how, with which objects/words, and what does it mean to participants?",candidate,field_verification_required,,1,active
IND-000576,DOM-19,DOM-19-S04,variation_change,"Document site, kili, gender, generation and historical variation in storytelling.","How does it vary across sites or groups, and how has it changed over time?",candidate,field_verification_required,,1,active
IND-000577,DOM-19,DOM-19-S05,presence_form,"Document the presence, local name and form of intergenerational learning.","What is it, what is it called locally, and what form does it take?",candidate,field_verification_required,,1,active
IND-000578,DOM-19,DOM-19-S05,process_meaning,"Document actors, timing, place, sequence, objects, words and participant meaning for intergenerational learning.","Who does what, when, where, how, with which objects/words, and what does it mean to participants?",candidate,field_verification_required,,1,active
IND-000579,DOM-19,DOM-19-S05,variation_change,"Document site, kili, gender, generation and historical variation in intergenerational learning.","How does it vary across sites or groups, and how has it changed over time?",candidate,field_verification_required,,1,active
IND-000580,DOM-19,DOM-19-S06,presence_form,"Document the presence, local name and form of grandchildren relations.","What is it, what is it called locally, and what form does it take?",candidate,field_verification_required,,1,active
IND-000581,DOM-19,DOM-19-S06,process_meaning,"Document actors, timing, place, sequence, objects, words and participant meaning for grandchildren relations.","Who does what, when, where, how, with which objects/words, and what does it mean to participants?",candidate,field_verification_required,,1,active
IND-000582,DOM-19,DOM-19-S06,variation_change,"Document site, kili, gender, generation and historical variation in grandchildren relations.","How does it vary across sites or groups, and how has it changed over time?",candidate,field_verification_required,,1,active
IND-000583,DOM-19,DOM-19-S07,presence_form,"Document the presence, local name and form of elder care.","What is it, what is it called locally, and what form does it take?",candidate,field_verification_required,,1,active
IND-000584,DOM-19,DOM-19-S07,process_meaning,"Document actors, timing, place, sequence, objects, words and participant meaning for elder care.","Who does what, when, where, how, with which objects/words, and what does it mean to participants?",candidate,field_verification_required,,1,active
IND-000585,DOM-19,DOM-19-S07,variation_change,"Document site, kili, gender, generation and historical variation in elder care.","How does it vary across sites or groups, and how has it changed over time?",candidate,field_verification_required,,1,active
IND-000586,DOM-19,DOM-19-S08,presence_form,"Document the presence, local name and form of knowledge holders.","What is it, what is it called locally, and what form does it take?",candidate,field_verification_required,,1,active
IND-000587,DOM-19,DOM-19-S08,process_meaning,"Document actors, timing, place, sequence, objects, words and participant meaning for knowledge holders.","Who does what, when, where, how, with which objects/words, and what does it mean to participants?",candidate,field_verification_required,,1,active
IND-000588,DOM-19,DOM-19-S08,variation_change,"Document site, kili, gender, generation and historical variation in knowledge holders.","How does it vary across sites or groups, and how has it changed over time?",candidate,field_verification_required,,1,active
IND-000589,DOM-19,DOM-19-S09,presence_form,"Document the presence, local name and form of transmission risk.","What is it, what is it called locally, and what form does it take?",candidate,field_verification_required,,1,active
IND-000590,DOM-19,DOM-19-S09,process_meaning,"Document actors, timing, place, sequence, objects, words and participant meaning for transmission risk.","Who does what, when, where, how, with which objects/words, and what does it mean to participants?",candidate,field_verification_required,,1,active
IND-000591,DOM-19,DOM-19-S09,variation_change,"Document site, kili, gender, generation and historical variation in transmission risk.","How does it vary across sites or groups, and how has it changed over time?",candidate,field_verification_required,,1,active
IND-000592,DOM-20,DOM-20-S01,presence_form,"Document the presence, local name and form of concepts of death.","What is it, what is it called locally, and what form does it take?",candidate,field_verification_required,,1,active
IND-000593,DOM-20,DOM-20-S01,process_meaning,"Document actors, timing, place, sequence, objects, words and participant meaning for concepts of death.","Who does what, when, where, how, with which objects/words, and what does it mean to participants?",candidate,field_verification_required,,1,active
IND-000594,DOM-20,DOM-20-S01,variation_change,"Document site, kili, gender, generation and historical variation in concepts of death.","How does it vary across sites or groups, and how has it changed over time?",candidate,field_verification_required,,1,active
IND-000595,DOM-20,DOM-20-S02,presence_form,"Document the presence, local name and form of dying.","What is it, what is it called locally, and what form does it take?",candidate,field_verification_required,,1,active
IND-000596,DOM-20,DOM-20-S02,process_meaning,"Document actors, timing, place, sequence, objects, words and participant meaning for dying.","Who does what, when, where, how, with which objects/words, and what does it mean to participants?",candidate,field_verification_required,,1,active
IND-000597,DOM-20,DOM-20-S02,variation_change,"Document site, kili, gender, generation and historical variation in dying.","How does it vary across sites or groups, and how has it changed over time?",candidate,field_verification_required,,1,active
IND-000598,DOM-20,DOM-20-S03,presence_form,"Document the presence, local name and form of death notification.","What is it, what is it called locally, and what form does it take?",candidate,field_verification_required,,1,active
IND-000599,DOM-20,DOM-20-S03,process_meaning,"Document actors, timing, place, sequence, objects, words and participant meaning for death notification.","Who does what, when, where, how, with which objects/words, and what does it mean to participants?",candidate,field_verification_required,,1,active
IND-000600,DOM-20,DOM-20-S03,variation_change,"Document site, kili, gender, generation and historical variation in death notification.","How does it vary across sites or groups, and how has it changed over time?",candidate,field_verification_required,,1,active
IND-000601,DOM-20,DOM-20-S04,presence_form,"Document the presence, local name and form of body preparation.","What is it, what is it called locally, and what form does it take?",candidate,field_verification_required,,1,active
IND-000602,DOM-20,DOM-20-S04,process_meaning,"Document actors, timing, place, sequence, objects, words and participant meaning for body preparation.","Who does what, when, where, how, with which objects/words, and what does it mean to participants?",candidate,field_verification_required,,1,active
IND-000603,DOM-20,DOM-20-S04,variation_change,"Document site, kili, gender, generation and historical variation in body preparation.","How does it vary across sites or groups, and how has it changed over time?",candidate,field_verification_required,,1,active
IND-000604,DOM-20,DOM-20-S05,presence_form,"Document the presence, local name and form of body treatment.","What is it, what is it called locally, and what form does it take?",candidate,field_verification_required,,1,active
IND-000605,DOM-20,DOM-20-S05,process_meaning,"Document actors, timing, place, sequence, objects, words and participant meaning for body treatment.","Who does what, when, where, how, with which objects/words, and what does it mean to participants?",candidate,field_verification_required,,1,active
IND-000606,DOM-20,DOM-20-S05,variation_change,"Document site, kili, gender, generation and historical variation in body treatment.","How does it vary across sites or groups, and how has it changed over time?",candidate,field_verification_required,,1,active
IND-000607,DOM-20,DOM-20-S06,presence_form,"Document the presence, local name and form of funeral preparation.","What is it, what is it called locally, and what form does it take?",candidate,field_verification_required,,1,active
IND-000608,DOM-20,DOM-20-S06,process_meaning,"Document actors, timing, place, sequence, objects, words and participant meaning for funeral preparation.","Who does what, when, where, how, with which objects/words, and what does it mean to participants?",candidate,field_verification_required,,1,active
IND-000609,DOM-20,DOM-20-S06,variation_change,"Document site, kili, gender, generation and historical variation in funeral preparation.","How does it vary across sites or groups, and how has it changed over time?",candidate,field_verification_required,,1,active
IND-000610,DOM-20,DOM-20-S07,presence_form,"Document the presence, local name and form of primary funeral.","What is it, what is it called locally, and what form does it take?",candidate,field_verification_required,,1,active
IND-000611,DOM-20,DOM-20-S07,process_meaning,"Document actors, timing, place, sequence, objects, words and participant meaning for primary funeral.","Who does what, when, where, how, with which objects/words, and what does it mean to participants?",candidate,field_verification_required,,1,active
IND-000612,DOM-20,DOM-20-S07,variation_change,"Document site, kili, gender, generation and historical variation in primary funeral.","How does it vary across sites or groups, and how has it changed over time?",candidate,field_verification_required,,1,active
IND-000613,DOM-20,DOM-20-S08,presence_form,"Document the presence, local name and form of burial.","What is it, what is it called locally, and what form does it take?",candidate,field_verification_required,,1,active
IND-000614,DOM-20,DOM-20-S08,process_meaning,"Document actors, timing, place, sequence, objects, words and participant meaning for burial.","Who does what, when, where, how, with which objects/words, and what does it mean to participants?",candidate,field_verification_required,,1,active
IND-000615,DOM-20,DOM-20-S08,variation_change,"Document site, kili, gender, generation and historical variation in burial.","How does it vary across sites or groups, and how has it changed over time?",candidate,field_verification_required,,1,active
IND-000616,DOM-20,DOM-20-S09,presence_form,"Document the presence, local name and form of cremation.","What is it, what is it called locally, and what form does it take?",candidate,field_verification_required,,1,active
IND-000617,DOM-20,DOM-20-S09,process_meaning,"Document actors, timing, place, sequence, objects, words and participant meaning for cremation.","Who does what, when, where, how, with which objects/words, and what does it mean to participants?",candidate,field_verification_required,,1,active
IND-000618,DOM-20,DOM-20-S09,variation_change,"Document site, kili, gender, generation and historical variation in cremation.","How does it vary across sites or groups, and how has it changed over time?",candidate,field_verification_required,,1,active
IND-000619,DOM-20,DOM-20-S10,presence_form,"Document the presence, local name and form of grave orientation.","What is it, what is it called locally, and what form does it take?",candidate,field_verification_required,,1,active
IND-000620,DOM-20,DOM-20-S10,process_meaning,"Document actors, timing, place, sequence, objects, words and participant meaning for grave orientation.","Who does what, when, where, how, with which objects/words, and what does it mean to participants?",candidate,field_verification_required,,1,active
IND-000621,DOM-20,DOM-20-S10,variation_change,"Document site, kili, gender, generation and historical variation in grave orientation.","How does it vary across sites or groups, and how has it changed over time?",candidate,field_verification_required,,1,active
IND-000622,DOM-20,DOM-20-S11,presence_form,"Document the presence, local name and form of burial objects.","What is it, what is it called locally, and what form does it take?",candidate,field_verification_required,,1,active
IND-000623,DOM-20,DOM-20-S11,process_meaning,"Document actors, timing, place, sequence, objects, words and participant meaning for burial objects.","Who does what, when, where, how, with which objects/words, and what does it mean to participants?",candidate,field_verification_required,,1,active
IND-000624,DOM-20,DOM-20-S11,variation_change,"Document site, kili, gender, generation and historical variation in burial objects.","How does it vary across sites or groups, and how has it changed over time?",candidate,field_verification_required,,1,active
IND-000625,DOM-20,DOM-20-S12,presence_form,"Document the presence, local name and form of natural/unnatural death.","What is it, what is it called locally, and what form does it take?",candidate,field_verification_required,,1,active
IND-000626,DOM-20,DOM-20-S12,process_meaning,"Document actors, timing, place, sequence, objects, words and participant meaning for natural/unnatural death.","Who does what, when, where, how, with which objects/words, and what does it mean to participants?",candidate,field_verification_required,,1,active
IND-000627,DOM-20,DOM-20-S12,variation_change,"Document site, kili, gender, generation and historical variation in natural/unnatural death.","How does it vary across sites or groups, and how has it changed over time?",candidate,field_verification_required,,1,active
IND-000628,DOM-20,DOM-20-S13,presence_form,"Document the presence, local name and form of child death.","What is it, what is it called locally, and what form does it take?",candidate,field_verification_required,,1,active
IND-000629,DOM-20,DOM-20-S13,process_meaning,"Document actors, timing, place, sequence, objects, words and participant meaning for child death.","Who does what, when, where, how, with which objects/words, and what does it mean to participants?",candidate,field_verification_required,,1,active
IND-000630,DOM-20,DOM-20-S13,variation_change,"Document site, kili, gender, generation and historical variation in child death.","How does it vary across sites or groups, and how has it changed over time?",candidate,field_verification_required,,1,active
IND-000631,DOM-20,DOM-20-S14,presence_form,"Document the presence, local name and form of special cases.","What is it, what is it called locally, and what form does it take?",candidate,field_verification_required,,1,active
IND-000632,DOM-20,DOM-20-S14,process_meaning,"Document actors, timing, place, sequence, objects, words and participant meaning for special cases.","Who does what, when, where, how, with which objects/words, and what does it mean to participants?",candidate,field_verification_required,,1,active
IND-000633,DOM-20,DOM-20-S14,variation_change,"Document site, kili, gender, generation and historical variation in special cases.","How does it vary across sites or groups, and how has it changed over time?",candidate,field_verification_required,,1,active
IND-000634,DOM-20,DOM-20-S15,presence_form,"Document the presence, local name and form of funeral food and drink.","What is it, what is it called locally, and what form does it take?",candidate,field_verification_required,,1,active
IND-000635,DOM-20,DOM-20-S15,process_meaning,"Document actors, timing, place, sequence, objects, words and participant meaning for funeral food and drink.","Who does what, when, where, how, with which objects/words, and what does it mean to participants?",candidate,field_verification_required,,1,active
IND-000636,DOM-20,DOM-20-S15,variation_change,"Document site, kili, gender, generation and historical variation in funeral food and drink.","How does it vary across sites or groups, and how has it changed over time?",candidate,field_verification_required,,1,active
IND-000637,DOM-20,DOM-20-S16,presence_form,"Document the presence, local name and form of funeral variation.","What is it, what is it called locally, and what form does it take?",candidate,field_verification_required,,1,active
IND-000638,DOM-20,DOM-20-S16,process_meaning,"Document actors, timing, place, sequence, objects, words and participant meaning for funeral variation.","Who does what, when, where, how, with which objects/words, and what does it mean to participants?",candidate,field_verification_required,,1,active
IND-000639,DOM-20,DOM-20-S16,variation_change,"Document site, kili, gender, generation and historical variation in funeral variation.","How does it vary across sites or groups, and how has it changed over time?",candidate,field_verification_required,,1,active
IND-000640,DOM-21,DOM-21-S01,presence_form,"Document the presence, local name and form of mourning.","What is it, what is it called locally, and what form does it take?",candidate,field_verification_required,,1,active
IND-000641,DOM-21,DOM-21-S01,process_meaning,"Document actors, timing, place, sequence, objects, words and participant meaning for mourning.","Who does what, when, where, how, with which objects/words, and what does it mean to participants?",candidate,field_verification_required,,1,active
IND-000642,DOM-21,DOM-21-S01,variation_change,"Document site, kili, gender, generation and historical variation in mourning.","How does it vary across sites or groups, and how has it changed over time?",candidate,field_verification_required,,1,active
IND-000643,DOM-21,DOM-21-S02,presence_form,"Document the presence, local name and form of mourning duration.","What is it, what is it called locally, and what form does it take?",candidate,field_verification_required,,1,active
IND-000644,DOM-21,DOM-21-S02,process_meaning,"Document actors, timing, place, sequence, objects, words and participant meaning for mourning duration.","Who does what, when, where, how, with which objects/words, and what does it mean to participants?",candidate,field_verification_required,,1,active
IND-000645,DOM-21,DOM-21-S02,variation_change,"Document site, kili, gender, generation and historical variation in mourning duration.","How does it vary across sites or groups, and how has it changed over time?",candidate,field_verification_required,,1,active
IND-000646,DOM-21,DOM-21-S03,presence_form,"Document the presence, local name and form of restrictions.","What is it, what is it called locally, and what form does it take?",candidate,field_verification_required,,1,active
IND-000647,DOM-21,DOM-21-S03,process_meaning,"Document actors, timing, place, sequence, objects, words and participant meaning for restrictions.","Who does what, when, where, how, with which objects/words, and what does it mean to participants?",candidate,field_verification_required,,1,active
IND-000648,DOM-21,DOM-21-S03,variation_change,"Document site, kili, gender, generation and historical variation in restrictions.","How does it vary across sites or groups, and how has it changed over time?",candidate,field_verification_required,,1,active
IND-000649,DOM-21,DOM-21-S04,presence_form,"Document the presence, local name and form of purification.","What is it, what is it called locally, and what form does it take?",candidate,field_verification_required,,1,active
IND-000650,DOM-21,DOM-21-S04,process_meaning,"Document actors, timing, place, sequence, objects, words and participant meaning for purification.","Who does what, when, where, how, with which objects/words, and what does it mean to participants?",candidate,field_verification_required,,1,active
IND-000651,DOM-21,DOM-21-S04,variation_change,"Document site, kili, gender, generation and historical variation in purification.","How does it vary across sites or groups, and how has it changed over time?",candidate,field_verification_required,,1,active
IND-000652,DOM-21,DOM-21-S05,presence_form,"Document the presence, local name and form of umbul ader.","What is it, what is it called locally, and what form does it take?",candidate,field_verification_required,,1,active
IND-000653,DOM-21,DOM-21-S05,process_meaning,"Document actors, timing, place, sequence, objects, words and participant meaning for umbul ader.","Who does what, when, where, how, with which objects/words, and what does it mean to participants?",candidate,field_verification_required,,1,active
IND-000654,DOM-21,DOM-21-S05,variation_change,"Document site, kili, gender, generation and historical variation in umbul ader.","How does it vary across sites or groups, and how has it changed over time?",candidate,field_verification_required,,1,active
IND-000655,DOM-21,DOM-21-S06,presence_form,"Document the presence, local name and form of hayom.","What is it, what is it called locally, and what form does it take?",candidate,field_verification_required,,1,active
IND-000656,DOM-21,DOM-21-S06,process_meaning,"Document actors, timing, place, sequence, objects, words and participant meaning for hayom.","Who does what, when, where, how, with which objects/words, and what does it mean to participants?",candidate,field_verification_required,,1,active
IND-000657,DOM-21,DOM-21-S06,variation_change,"Document site, kili, gender, generation and historical variation in hayom.","How does it vary across sites or groups, and how has it changed over time?",candidate,field_verification_required,,1,active
IND-000658,DOM-21,DOM-21-S07,presence_form,"Document the presence, local name and form of pathalgarri.","What is it, what is it called locally, and what form does it take?",candidate,field_verification_required,,1,active
IND-000659,DOM-21,DOM-21-S07,process_meaning,"Document actors, timing, place, sequence, objects, words and participant meaning for pathalgarri.","Who does what, when, where, how, with which objects/words, and what does it mean to participants?",candidate,field_verification_required,,1,active
IND-000660,DOM-21,DOM-21-S07,variation_change,"Document site, kili, gender, generation and historical variation in pathalgarri.","How does it vary across sites or groups, and how has it changed over time?",candidate,field_verification_required,,1,active
IND-000661,DOM-21,DOM-21-S08,presence_form,"Document the presence, local name and form of jangtopa.","What is it, what is it called locally, and what form does it take?",candidate,field_verification_required,,1,active
IND-000662,DOM-21,DOM-21-S08,process_meaning,"Document actors, timing, place, sequence, objects, words and participant meaning for jangtopa.","Who does what, when, where, how, with which objects/words, and what does it mean to participants?",candidate,field_verification_required,,1,active
IND-000663,DOM-21,DOM-21-S08,variation_change,"Document site, kili, gender, generation and historical variation in jangtopa.","How does it vary across sites or groups, and how has it changed over time?",candidate,field_verification_required,,1,active
IND-000664,DOM-21,DOM-21-S09,presence_form,"Document the presence, local name and form of memorial stone.","What is it, what is it called locally, and what form does it take?",candidate,field_verification_required,,1,active
IND-000665,DOM-21,DOM-21-S09,process_meaning,"Document actors, timing, place, sequence, objects, words and participant meaning for memorial stone.","Who does what, when, where, how, with which objects/words, and what does it mean to participants?",candidate,field_verification_required,,1,active
IND-000666,DOM-21,DOM-21-S09,variation_change,"Document site, kili, gender, generation and historical variation in memorial stone.","How does it vary across sites or groups, and how has it changed over time?",candidate,field_verification_required,,1,active
IND-000667,DOM-21,DOM-21-S10,presence_form,"Document the presence, local name and form of megalithic practice.","What is it, what is it called locally, and what form does it take?",candidate,field_verification_required,,1,active
IND-000668,DOM-21,DOM-21-S10,process_meaning,"Document actors, timing, place, sequence, objects, words and participant meaning for megalithic practice.","Who does what, when, where, how, with which objects/words, and what does it mean to participants?",candidate,field_verification_required,,1,active
IND-000669,DOM-21,DOM-21-S10,variation_change,"Document site, kili, gender, generation and historical variation in megalithic practice.","How does it vary across sites or groups, and how has it changed over time?",candidate,field_verification_required,,1,active
IND-000670,DOM-21,DOM-21-S11,presence_form,"Document the presence, local name and form of ancestor incorporation.","What is it, what is it called locally, and what form does it take?",candidate,field_verification_required,,1,active
IND-000671,DOM-21,DOM-21-S11,process_meaning,"Document actors, timing, place, sequence, objects, words and participant meaning for ancestor incorporation.","Who does what, when, where, how, with which objects/words, and what does it mean to participants?",candidate,field_verification_required,,1,active
IND-000672,DOM-21,DOM-21-S11,variation_change,"Document site, kili, gender, generation and historical variation in ancestor incorporation.","How does it vary across sites or groups, and how has it changed over time?",candidate,field_verification_required,,1,active
IND-000673,DOM-21,DOM-21-S12,presence_form,"Document the presence, local name and form of ancestor memory.","What is it, what is it called locally, and what form does it take?",candidate,field_verification_required,,1,active
IND-000674,DOM-21,DOM-21-S12,process_meaning,"Document actors, timing, place, sequence, objects, words and participant meaning for ancestor memory.","Who does what, when, where, how, with which objects/words, and what does it mean to participants?",candidate,field_verification_required,,1,active
IND-000675,DOM-21,DOM-21-S12,variation_change,"Document site, kili, gender, generation and historical variation in ancestor memory.","How does it vary across sites or groups, and how has it changed over time?",candidate,field_verification_required,,1,active
IND-000676,DOM-21,DOM-21-S13,presence_form,"Document the presence, local name and form of remembrance.","What is it, what is it called locally, and what form does it take?",candidate,field_verification_required,,1,active
IND-000677,DOM-21,DOM-21-S13,process_meaning,"Document actors, timing, place, sequence, objects, words and participant meaning for remembrance.","Who does what, when, where, how, with which objects/words, and what does it mean to participants?",candidate,field_verification_required,,1,active
IND-000678,DOM-21,DOM-21-S13,variation_change,"Document site, kili, gender, generation and historical variation in remembrance.","How does it vary across sites or groups, and how has it changed over time?",candidate,field_verification_required,,1,active
IND-000679,DOM-21,DOM-21-S14,presence_form,"Document the presence, local name and form of post-death variation.","What is it, what is it called locally, and what form does it take?",candidate,field_verification_required,,1,active
IND-000680,DOM-21,DOM-21-S14,process_meaning,"Document actors, timing, place, sequence, objects, words and participant meaning for post-death variation.","Who does what, when, where, how, with which objects/words, and what does it mean to participants?",candidate,field_verification_required,,1,active
IND-000681,DOM-21,DOM-21-S14,variation_change,"Document site, kili, gender, generation and historical variation in post-death variation.","How does it vary across sites or groups, and how has it changed over time?",candidate,field_verification_required,,1,active
IND-000682,DOM-22,DOM-22-S01,presence_form,"Document the presence, local name and form of historical practice.","What is it, what is it called locally, and what form does it take?",candidate,field_verification_required,,1,active
IND-000683,DOM-22,DOM-22-S01,process_meaning,"Document actors, timing, place, sequence, objects, words and participant meaning for historical practice.","Who does what, when, where, how, with which objects/words, and what does it mean to participants?",candidate,field_verification_required,,1,active
IND-000684,DOM-22,DOM-22-S01,variation_change,"Document site, kili, gender, generation and historical variation in historical practice.","How does it vary across sites or groups, and how has it changed over time?",candidate,field_verification_required,,1,active
IND-000685,DOM-22,DOM-22-S02,presence_form,"Document the presence, local name and form of current practice.","What is it, what is it called locally, and what form does it take?",candidate,field_verification_required,,1,active
IND-000686,DOM-22,DOM-22-S02,process_meaning,"Document actors, timing, place, sequence, objects, words and participant meaning for current practice.","Who does what, when, where, how, with which objects/words, and what does it mean to participants?",candidate,field_verification_required,,1,active
IND-000687,DOM-22,DOM-22-S02,variation_change,"Document site, kili, gender, generation and historical variation in current practice.","How does it vary across sites or groups, and how has it changed over time?",candidate,field_verification_required,,1,active
IND-000688,DOM-22,DOM-22-S03,presence_form,"Document the presence, local name and form of discontinued.","What is it, what is it called locally, and what form does it take?",candidate,field_verification_required,,1,active
IND-000689,DOM-22,DOM-22-S03,process_meaning,"Document actors, timing, place, sequence, objects, words and participant meaning for discontinued.","Who does what, when, where, how, with which objects/words, and what does it mean to participants?",candidate,field_verification_required,,1,active
IND-000690,DOM-22,DOM-22-S03,variation_change,"Document site, kili, gender, generation and historical variation in discontinued.","How does it vary across sites or groups, and how has it changed over time?",candidate,field_verification_required,,1,active
IND-000691,DOM-22,DOM-22-S04,presence_form,"Document the presence, local name and form of remembered.","What is it, what is it called locally, and what form does it take?",candidate,field_verification_required,,1,active
IND-000692,DOM-22,DOM-22-S04,process_meaning,"Document actors, timing, place, sequence, objects, words and participant meaning for remembered.","Who does what, when, where, how, with which objects/words, and what does it mean to participants?",candidate,field_verification_required,,1,active
IND-000693,DOM-22,DOM-22-S04,variation_change,"Document site, kili, gender, generation and historical variation in remembered.","How does it vary across sites or groups, and how has it changed over time?",candidate,field_verification_required,,1,active
IND-000694,DOM-22,DOM-22-S05,presence_form,"Document the presence, local name and form of revived.","What is it, what is it called locally, and what form does it take?",candidate,field_verification_required,,1,active
IND-000695,DOM-22,DOM-22-S05,process_meaning,"Document actors, timing, place, sequence, objects, words and participant meaning for revived.","Who does what, when, where, how, with which objects/words, and what does it mean to participants?",candidate,field_verification_required,,1,active
IND-000696,DOM-22,DOM-22-S05,variation_change,"Document site, kili, gender, generation and historical variation in revived.","How does it vary across sites or groups, and how has it changed over time?",candidate,field_verification_required,,1,active
IND-000697,DOM-22,DOM-22-S06,presence_form,"Document the presence, local name and form of adapted.","What is it, what is it called locally, and what form does it take?",candidate,field_verification_required,,1,active
IND-000698,DOM-22,DOM-22-S06,process_meaning,"Document actors, timing, place, sequence, objects, words and participant meaning for adapted.","Who does what, when, where, how, with which objects/words, and what does it mean to participants?",candidate,field_verification_required,,1,active
IND-000699,DOM-22,DOM-22-S06,variation_change,"Document site, kili, gender, generation and historical variation in adapted.","How does it vary across sites or groups, and how has it changed over time?",candidate,field_verification_required,,1,active
IND-000700,DOM-22,DOM-22-S07,presence_form,"Document the presence, local name and form of emergent.","What is it, what is it called locally, and what form does it take?",candidate,field_verification_required,,1,active
IND-000701,DOM-22,DOM-22-S07,process_meaning,"Document actors, timing, place, sequence, objects, words and participant meaning for emergent.","Who does what, when, where, how, with which objects/words, and what does it mean to participants?",candidate,field_verification_required,,1,active
IND-000702,DOM-22,DOM-22-S07,variation_change,"Document site, kili, gender, generation and historical variation in emergent.","How does it vary across sites or groups, and how has it changed over time?",candidate,field_verification_required,,1,active
IND-000703,DOM-22,DOM-22-S08,presence_form,"Document the presence, local name and form of generational change.","What is it, what is it called locally, and what form does it take?",candidate,field_verification_required,,1,active
IND-000704,DOM-22,DOM-22-S08,process_meaning,"Document actors, timing, place, sequence, objects, words and participant meaning for generational change.","Who does what, when, where, how, with which objects/words, and what does it mean to participants?",candidate,field_verification_required,,1,active
IND-000705,DOM-22,DOM-22-S08,variation_change,"Document site, kili, gender, generation and historical variation in generational change.","How does it vary across sites or groups, and how has it changed over time?",candidate,field_verification_required,,1,active
IND-000706,DOM-22,DOM-22-S09,presence_form,"Document the presence, local name and form of migration effects.","What is it, what is it called locally, and what form does it take?",candidate,field_verification_required,,1,active
IND-000707,DOM-22,DOM-22-S09,process_meaning,"Document actors, timing, place, sequence, objects, words and participant meaning for migration effects.","Who does what, when, where, how, with which objects/words, and what does it mean to participants?",candidate,field_verification_required,,1,active
IND-000708,DOM-22,DOM-22-S09,variation_change,"Document site, kili, gender, generation and historical variation in migration effects.","How does it vary across sites or groups, and how has it changed over time?",candidate,field_verification_required,,1,active
IND-000709,DOM-22,DOM-22-S10,presence_form,"Document the presence, local name and form of education effects.","What is it, what is it called locally, and what form does it take?",candidate,field_verification_required,,1,active
IND-000710,DOM-22,DOM-22-S10,process_meaning,"Document actors, timing, place, sequence, objects, words and participant meaning for education effects.","Who does what, when, where, how, with which objects/words, and what does it mean to participants?",candidate,field_verification_required,,1,active
IND-000711,DOM-22,DOM-22-S10,variation_change,"Document site, kili, gender, generation and historical variation in education effects.","How does it vary across sites or groups, and how has it changed over time?",candidate,field_verification_required,,1,active
IND-000712,DOM-22,DOM-22-S11,presence_form,"Document the presence, local name and form of urbanization effects.","What is it, what is it called locally, and what form does it take?",candidate,field_verification_required,,1,active
IND-000713,DOM-22,DOM-22-S11,process_meaning,"Document actors, timing, place, sequence, objects, words and participant meaning for urbanization effects.","Who does what, when, where, how, with which objects/words, and what does it mean to participants?",candidate,field_verification_required,,1,active
IND-000714,DOM-22,DOM-22-S11,variation_change,"Document site, kili, gender, generation and historical variation in urbanization effects.","How does it vary across sites or groups, and how has it changed over time?",candidate,field_verification_required,,1,active
IND-000715,DOM-22,DOM-22-S12,presence_form,"Document the presence, local name and form of technology effects.","What is it, what is it called locally, and what form does it take?",candidate,field_verification_required,,1,active
IND-000716,DOM-22,DOM-22-S12,process_meaning,"Document actors, timing, place, sequence, objects, words and participant meaning for technology effects.","Who does what, when, where, how, with which objects/words, and what does it mean to participants?",candidate,field_verification_required,,1,active
IND-000717,DOM-22,DOM-22-S12,variation_change,"Document site, kili, gender, generation and historical variation in technology effects.","How does it vary across sites or groups, and how has it changed over time?",candidate,field_verification_required,,1,active
IND-000718,DOM-22,DOM-22-S13,presence_form,"Document the presence, local name and form of religious change.","What is it, what is it called locally, and what form does it take?",candidate,field_verification_required,,1,active
IND-000719,DOM-22,DOM-22-S13,process_meaning,"Document actors, timing, place, sequence, objects, words and participant meaning for religious change.","Who does what, when, where, how, with which objects/words, and what does it mean to participants?",candidate,field_verification_required,,1,active
IND-000720,DOM-22,DOM-22-S13,variation_change,"Document site, kili, gender, generation and historical variation in religious change.","How does it vary across sites or groups, and how has it changed over time?",candidate,field_verification_required,,1,active
IND-000721,DOM-22,DOM-22-S14,presence_form,"Document the presence, local name and form of economic change.","What is it, what is it called locally, and what form does it take?",candidate,field_verification_required,,1,active
IND-000722,DOM-22,DOM-22-S14,process_meaning,"Document actors, timing, place, sequence, objects, words and participant meaning for economic change.","Who does what, when, where, how, with which objects/words, and what does it mean to participants?",candidate,field_verification_required,,1,active
IND-000723,DOM-22,DOM-22-S14,variation_change,"Document site, kili, gender, generation and historical variation in economic change.","How does it vary across sites or groups, and how has it changed over time?",candidate,field_verification_required,,1,active
IND-000724,DOM-22,DOM-22-S15,presence_form,"Document the presence, local name and form of community explanation.","What is it, what is it called locally, and what form does it take?",candidate,field_verification_required,,1,active
IND-000725,DOM-22,DOM-22-S15,process_meaning,"Document actors, timing, place, sequence, objects, words and participant meaning for community explanation.","Who does what, when, where, how, with which objects/words, and what does it mean to participants?",candidate,field_verification_required,,1,active
IND-000726,DOM-22,DOM-22-S15,variation_change,"Document site, kili, gender, generation and historical variation in community explanation.","How does it vary across sites or groups, and how has it changed over time?",candidate,field_verification_required,,1,active
IND-000727,DOM-23,DOM-23-S01,presence_form,"Document the presence, local name and form of observation.","What is it, what is it called locally, and what form does it take?",candidate,field_verification_required,,1,active
IND-000728,DOM-23,DOM-23-S01,process_meaning,"Document actors, timing, place, sequence, objects, words and participant meaning for observation.","Who does what, when, where, how, with which objects/words, and what does it mean to participants?",candidate,field_verification_required,,1,active
IND-000729,DOM-23,DOM-23-S01,variation_change,"Document site, kili, gender, generation and historical variation in observation.","How does it vary across sites or groups, and how has it changed over time?",candidate,field_verification_required,,1,active
IND-000730,DOM-23,DOM-23-S02,presence_form,"Document the presence, local name and form of interview.","What is it, what is it called locally, and what form does it take?",candidate,field_verification_required,,1,active
IND-000731,DOM-23,DOM-23-S02,process_meaning,"Document actors, timing, place, sequence, objects, words and participant meaning for interview.","Who does what, when, where, how, with which objects/words, and what does it mean to participants?",candidate,field_verification_required,,1,active
IND-000732,DOM-23,DOM-23-S02,variation_change,"Document site, kili, gender, generation and historical variation in interview.","How does it vary across sites or groups, and how has it changed over time?",candidate,field_verification_required,,1,active
IND-000733,DOM-23,DOM-23-S03,presence_form,"Document the presence, local name and form of focus group.","What is it, what is it called locally, and what form does it take?",candidate,field_verification_required,,1,active
IND-000734,DOM-23,DOM-23-S03,process_meaning,"Document actors, timing, place, sequence, objects, words and participant meaning for focus group.","Who does what, when, where, how, with which objects/words, and what does it mean to participants?",candidate,field_verification_required,,1,active
IND-000735,DOM-23,DOM-23-S03,variation_change,"Document site, kili, gender, generation and historical variation in focus group.","How does it vary across sites or groups, and how has it changed over time?",candidate,field_verification_required,,1,active
IND-000736,DOM-23,DOM-23-S04,presence_form,"Document the presence, local name and form of photo.","What is it, what is it called locally, and what form does it take?",candidate,field_verification_required,,1,active
IND-000737,DOM-23,DOM-23-S04,process_meaning,"Document actors, timing, place, sequence, objects, words and participant meaning for photo.","Who does what, when, where, how, with which objects/words, and what does it mean to participants?",candidate,field_verification_required,,1,active
IND-000738,DOM-23,DOM-23-S04,variation_change,"Document site, kili, gender, generation and historical variation in photo.","How does it vary across sites or groups, and how has it changed over time?",candidate,field_verification_required,,1,active
IND-000739,DOM-23,DOM-23-S05,presence_form,"Document the presence, local name and form of video.","What is it, what is it called locally, and what form does it take?",candidate,field_verification_required,,1,active
IND-000740,DOM-23,DOM-23-S05,process_meaning,"Document actors, timing, place, sequence, objects, words and participant meaning for video.","Who does what, when, where, how, with which objects/words, and what does it mean to participants?",candidate,field_verification_required,,1,active
IND-000741,DOM-23,DOM-23-S05,variation_change,"Document site, kili, gender, generation and historical variation in video.","How does it vary across sites or groups, and how has it changed over time?",candidate,field_verification_required,,1,active
IND-000742,DOM-23,DOM-23-S06,presence_form,"Document the presence, local name and form of audio.","What is it, what is it called locally, and what form does it take?",candidate,field_verification_required,,1,active
IND-000743,DOM-23,DOM-23-S06,process_meaning,"Document actors, timing, place, sequence, objects, words and participant meaning for audio.","Who does what, when, where, how, with which objects/words, and what does it mean to participants?",candidate,field_verification_required,,1,active
IND-000744,DOM-23,DOM-23-S06,variation_change,"Document site, kili, gender, generation and historical variation in audio.","How does it vary across sites or groups, and how has it changed over time?",candidate,field_verification_required,,1,active
IND-000745,DOM-23,DOM-23-S07,presence_form,"Document the presence, local name and form of object.","What is it, what is it called locally, and what form does it take?",candidate,field_verification_required,,1,active
IND-000746,DOM-23,DOM-23-S07,process_meaning,"Document actors, timing, place, sequence, objects, words and participant meaning for object.","Who does what, when, where, how, with which objects/words, and what does it mean to participants?",candidate,field_verification_required,,1,active
IND-000747,DOM-23,DOM-23-S07,variation_change,"Document site, kili, gender, generation and historical variation in object.","How does it vary across sites or groups, and how has it changed over time?",candidate,field_verification_required,,1,active
IND-000748,DOM-23,DOM-23-S08,presence_form,"Document the presence, local name and form of book.","What is it, what is it called locally, and what form does it take?",candidate,field_verification_required,,1,active
IND-000749,DOM-23,DOM-23-S08,process_meaning,"Document actors, timing, place, sequence, objects, words and participant meaning for book.","Who does what, when, where, how, with which objects/words, and what does it mean to participants?",candidate,field_verification_required,,1,active
IND-000750,DOM-23,DOM-23-S08,variation_change,"Document site, kili, gender, generation and historical variation in book.","How does it vary across sites or groups, and how has it changed over time?",candidate,field_verification_required,,1,active
IND-000751,DOM-23,DOM-23-S09,presence_form,"Document the presence, local name and form of journal article.","What is it, what is it called locally, and what form does it take?",candidate,field_verification_required,,1,active
IND-000752,DOM-23,DOM-23-S09,process_meaning,"Document actors, timing, place, sequence, objects, words and participant meaning for journal article.","Who does what, when, where, how, with which objects/words, and what does it mean to participants?",candidate,field_verification_required,,1,active
IND-000753,DOM-23,DOM-23-S09,variation_change,"Document site, kili, gender, generation and historical variation in journal article.","How does it vary across sites or groups, and how has it changed over time?",candidate,field_verification_required,,1,active
IND-000754,DOM-23,DOM-23-S10,presence_form,"Document the presence, local name and form of thesis.","What is it, what is it called locally, and what form does it take?",candidate,field_verification_required,,1,active
IND-000755,DOM-23,DOM-23-S10,process_meaning,"Document actors, timing, place, sequence, objects, words and participant meaning for thesis.","Who does what, when, where, how, with which objects/words, and what does it mean to participants?",candidate,field_verification_required,,1,active
IND-000756,DOM-23,DOM-23-S10,variation_change,"Document site, kili, gender, generation and historical variation in thesis.","How does it vary across sites or groups, and how has it changed over time?",candidate,field_verification_required,,1,active
IND-000757,DOM-23,DOM-23-S11,presence_form,"Document the presence, local name and form of government source.","What is it, what is it called locally, and what form does it take?",candidate,field_verification_required,,1,active
IND-000758,DOM-23,DOM-23-S11,process_meaning,"Document actors, timing, place, sequence, objects, words and participant meaning for government source.","Who does what, when, where, how, with which objects/words, and what does it mean to participants?",candidate,field_verification_required,,1,active
IND-000759,DOM-23,DOM-23-S11,variation_change,"Document site, kili, gender, generation and historical variation in government source.","How does it vary across sites or groups, and how has it changed over time?",candidate,field_verification_required,,1,active
IND-000760,DOM-23,DOM-23-S12,presence_form,"Document the presence, local name and form of community validation.","What is it, what is it called locally, and what form does it take?",candidate,field_verification_required,,1,active
IND-000761,DOM-23,DOM-23-S12,process_meaning,"Document actors, timing, place, sequence, objects, words and participant meaning for community validation.","Who does what, when, where, how, with which objects/words, and what does it mean to participants?",candidate,field_verification_required,,1,active
IND-000762,DOM-23,DOM-23-S12,variation_change,"Document site, kili, gender, generation and historical variation in community validation.","How does it vary across sites or groups, and how has it changed over time?",candidate,field_verification_required,,1,active
IND-000763,DOM-23,DOM-23-S13,presence_form,"Document the presence, local name and form of contradiction.","What is it, what is it called locally, and what form does it take?",candidate,field_verification_required,,1,active
IND-000764,DOM-23,DOM-23-S13,process_meaning,"Document actors, timing, place, sequence, objects, words and participant meaning for contradiction.","Who does what, when, where, how, with which objects/words, and what does it mean to participants?",candidate,field_verification_required,,1,active
IND-000765,DOM-23,DOM-23-S13,variation_change,"Document site, kili, gender, generation and historical variation in contradiction.","How does it vary across sites or groups, and how has it changed over time?",candidate,field_verification_required,,1,active
IND-000766,DOM-23,DOM-23-S14,presence_form,"Document the presence, local name and form of unresolved question.","What is it, what is it called locally, and what form does it take?",candidate,field_verification_required,,1,active
IND-000767,DOM-23,DOM-23-S14,process_meaning,"Document actors, timing, place, sequence, objects, words and participant meaning for unresolved question.","Who does what, when, where, how, with which objects/words, and what does it mean to participants?",candidate,field_verification_required,,1,active
IND-000768,DOM-23,DOM-23-S14,variation_change,"Document site, kili, gender, generation and historical variation in unresolved question.","How does it vary across sites or groups, and how has it changed over time?",candidate,field_verification_required,,1,active
IND-000769,DOM-24,DOM-24-S01,presence_form,"Document the presence, local name and form of book part.","What is it, what is it called locally, and what form does it take?",candidate,field_verification_required,,1,active
IND-000770,DOM-24,DOM-24-S01,process_meaning,"Document actors, timing, place, sequence, objects, words and participant meaning for book part.","Who does what, when, where, how, with which objects/words, and what does it mean to participants?",candidate,field_verification_required,,1,active
IND-000771,DOM-24,DOM-24-S01,variation_change,"Document site, kili, gender, generation and historical variation in book part.","How does it vary across sites or groups, and how has it changed over time?",candidate,field_verification_required,,1,active
IND-000772,DOM-24,DOM-24-S02,presence_form,"Document the presence, local name and form of book chapter.","What is it, what is it called locally, and what form does it take?",candidate,field_verification_required,,1,active
IND-000773,DOM-24,DOM-24-S02,process_meaning,"Document actors, timing, place, sequence, objects, words and participant meaning for book chapter.","Who does what, when, where, how, with which objects/words, and what does it mean to participants?",candidate,field_verification_required,,1,active
IND-000774,DOM-24,DOM-24-S02,variation_change,"Document site, kili, gender, generation and historical variation in book chapter.","How does it vary across sites or groups, and how has it changed over time?",candidate,field_verification_required,,1,active
IND-000775,DOM-24,DOM-24-S03,presence_form,"Document the presence, local name and form of book section.","What is it, what is it called locally, and what form does it take?",candidate,field_verification_required,,1,active
IND-000776,DOM-24,DOM-24-S03,process_meaning,"Document actors, timing, place, sequence, objects, words and participant meaning for book section.","Who does what, when, where, how, with which objects/words, and what does it mean to participants?",candidate,field_verification_required,,1,active
IND-000777,DOM-24,DOM-24-S03,variation_change,"Document site, kili, gender, generation and historical variation in book section.","How does it vary across sites or groups, and how has it changed over time?",candidate,field_verification_required,,1,active
IND-000778,DOM-24,DOM-24-S04,presence_form,"Document the presence, local name and form of candidate quote.","What is it, what is it called locally, and what form does it take?",candidate,field_verification_required,,1,active
IND-000779,DOM-24,DOM-24-S04,process_meaning,"Document actors, timing, place, sequence, objects, words and participant meaning for candidate quote.","Who does what, when, where, how, with which objects/words, and what does it mean to participants?",candidate,field_verification_required,,1,active
IND-000780,DOM-24,DOM-24-S04,variation_change,"Document site, kili, gender, generation and historical variation in candidate quote.","How does it vary across sites or groups, and how has it changed over time?",candidate,field_verification_required,,1,active
IND-000781,DOM-24,DOM-24-S05,presence_form,"Document the presence, local name and form of candidate photo.","What is it, what is it called locally, and what form does it take?",candidate,field_verification_required,,1,active
IND-000782,DOM-24,DOM-24-S05,process_meaning,"Document actors, timing, place, sequence, objects, words and participant meaning for candidate photo.","Who does what, when, where, how, with which objects/words, and what does it mean to participants?",candidate,field_verification_required,,1,active
IND-000783,DOM-24,DOM-24-S05,variation_change,"Document site, kili, gender, generation and historical variation in candidate photo.","How does it vary across sites or groups, and how has it changed over time?",candidate,field_verification_required,,1,active
IND-000784,DOM-24,DOM-24-S06,presence_form,"Document the presence, local name and form of candidate figure.","What is it, what is it called locally, and what form does it take?",candidate,field_verification_required,,1,active
IND-000785,DOM-24,DOM-24-S06,process_meaning,"Document actors, timing, place, sequence, objects, words and participant meaning for candidate figure.","Who does what, when, where, how, with which objects/words, and what does it mean to participants?",candidate,field_verification_required,,1,active
IND-000786,DOM-24,DOM-24-S06,variation_change,"Document site, kili, gender, generation and historical variation in candidate figure.","How does it vary across sites or groups, and how has it changed over time?",candidate,field_verification_required,,1,active
IND-000787,DOM-24,DOM-24-S07,presence_form,"Document the presence, local name and form of cultural vignette.","What is it, what is it called locally, and what form does it take?",candidate,field_verification_required,,1,active
IND-000788,DOM-24,DOM-24-S07,process_meaning,"Document actors, timing, place, sequence, objects, words and participant meaning for cultural vignette.","Who does what, when, where, how, with which objects/words, and what does it mean to participants?",candidate,field_verification_required,,1,active
IND-000789,DOM-24,DOM-24-S07,variation_change,"Document site, kili, gender, generation and historical variation in cultural vignette.","How does it vary across sites or groups, and how has it changed over time?",candidate,field_verification_required,,1,active
IND-000790,DOM-24,DOM-24-S08,presence_form,"Document the presence, local name and form of chapter source.","What is it, what is it called locally, and what form does it take?",candidate,field_verification_required,,1,active
IND-000791,DOM-24,DOM-24-S08,process_meaning,"Document actors, timing, place, sequence, objects, words and participant meaning for chapter source.","Who does what, when, where, how, with which objects/words, and what does it mean to participants?",candidate,field_verification_required,,1,active
IND-000792,DOM-24,DOM-24-S08,variation_change,"Document site, kili, gender, generation and historical variation in chapter source.","How does it vary across sites or groups, and how has it changed over time?",candidate,field_verification_required,,1,active
IND-000793,DOM-24,DOM-24-S09,presence_form,"Document the presence, local name and form of research question.","What is it, what is it called locally, and what form does it take?",candidate,field_verification_required,,1,active
IND-000794,DOM-24,DOM-24-S09,process_meaning,"Document actors, timing, place, sequence, objects, words and participant meaning for research question.","Who does what, when, where, how, with which objects/words, and what does it mean to participants?",candidate,field_verification_required,,1,active
IND-000795,DOM-24,DOM-24-S09,variation_change,"Document site, kili, gender, generation and historical variation in research question.","How does it vary across sites or groups, and how has it changed over time?",candidate,field_verification_required,,1,active
IND-000796,DOM-24,DOM-24-S10,presence_form,"Document the presence, local name and form of dataset release.","What is it, what is it called locally, and what form does it take?",candidate,field_verification_required,,1,active
IND-000797,DOM-24,DOM-24-S10,process_meaning,"Document actors, timing, place, sequence, objects, words and participant meaning for dataset release.","Who does what, when, where, how, with which objects/words, and what does it mean to participants?",candidate,field_verification_required,,1,active
IND-000798,DOM-24,DOM-24-S10,variation_change,"Document site, kili, gender, generation and historical variation in dataset release.","How does it vary across sites or groups, and how has it changed over time?",candidate,field_verification_required,,1,active
